Data_Time,Lot_ID,Item_ID,Value,Target,USL,UCL,LCL,LSL,Stage_ID,Layer_ID,Prod_ID,Eqp_S,Eqp_S_Unit1,Eqp_S_Unit2,S_Recipe,S_SubRecipe,Eqp_C,Material_ID,Eqp_M,M_Recipe,Chart_Type,index
2020-11-17 15:47:32,A21ZZ469,A21ZZ469.02,0.029590854667803587,0.0,0.3,0.25,-0.25,-0.3,stageE11,L11-1,ProdA,XSE005,s#U1-02,s#U2-04,SRCP-L11-J,SRCPSUB-L11-001,ZCOC,VW,WCD20,MRCP-L11-.005,MEAN,0
2020-11-17 20:18:50,A21YY561,A21YY561.25,0.04977093844735566,0.0,0.3,0.25,-0.25,-0.3,stageE11,L11-1,ProdD,ZSE005,s#U1-03,s#U2-04,SRCP-L11-I,SRCPSUB-L11-001,ZCOC,VW,WCD20,MRCP-L11-.003,MEAN,1
2020-11-19 02:57:01,A21YY544,A21YY544.15,0.26314043237208506,0.0,0.3,0.25,-0.25,-0.3,stageE11,L11-1,ProdA,XSE005,s#U1-01,s#U2-04,SRCP-L11-I,SRCPSUB-L11-001,YCOB,VW,WCD20,MRCP-L11-.003,MEAN,2
2020-11-19 09:54:16,A21WW188,A21WW188.25,0.03805288177963809,0.0,0.3,0.25,-0.25,-0.3,stageE11,L11-2,ProdA,XSE001,s#U1-01,s#U2-02,SRCP-L11-I,SRCPSUB-L11-001,ZCOC,VW,WCD20,MRCP-L11-.003,MEAN,3
2020-11-19 11:42:44,A21YY607,A21YY607.18,-0.04021271894631445,0.0,0.3,0.25,-0.25,-0.3,stageE11,L11-3,ProdC,YSE005,s#U1-04,s#U2-03,SRCP-L11-I,SRCPSUB-L11-001,YCOB,VW,WCD20,MRCP-L11-.003,MEAN,4
2020-11-19 12:31:09,A21YY813,A21YY813.18,0.030663314792930125,0.0,0.3,0.25,-0.25,-0.3,stageE11,L11-3,ProdA,XSE005,s#U1-01,s#U2-04,SRCP-L11-I,SRCPSUB-L11-001,ZCOB,VW,WCD20,MRCP-L11-.004,MEAN,5
2020-11-20 06:09:25,A21YY944,A21YY944.14,0.057132928696523214,0.0,0.3,0.25,-0.25,-0.3,stageE11,L11-2,ProdC,YSE003,s#U1-03,s#U2-03,SRCP-L11-I,SRCPSUB-L11-001,YCOB,VW,WCD20,MRCP-L11-.003,MEAN,6
2020-11-20 22:25:09,A21YY052,A21YY052.07,-0.10089151923521232,0.0,0.3,0.25,-0.25,-0.3,stageE11,L11-3,ProdA,ZSE003,s#U1-02,s#U2-03,SRCP-L11-J,SRCPSUB-L11-001,ZCOC,VW,WCD20,MRCP-L11-.005,MEAN,7
2020-11-21 09:53:15,A21XX759,A21XX759.15,-0.051760621770477994,0.0,0.3,0.25,-0.25,-0.3,stageE11,L11-3,ProdA,XSE001,s#U1-03,s#U2-04,SRCP-L11-I,SRCPSUB-L11-001,ZCOC,VW,WCD20,MRCP-L11-.005,MEAN,8
2020-11-21 18:37:33,A21XX664,A21XX664.06,0.12859664218170705,0.0,0.3,0.25,-0.25,-0.3,stageE11,L11-3,ProdD,ZSE001,s#U1-03,s#U2-03,SRCP-L11-I,SRCPSUB-L11-001,ZCOB,VW,WCD20,MRCP-L11-.003,MEAN,9
2020-11-21 21:18:46,A21XX595,A21XX595.25,-0.08761474771672495,0.0,0.3,0.25,-0.25,-0.3,stageE11,L11-2,ProdD,YSE003,s#U1-04,s#U2-04,SRCP-L11-I,SRCPSUB-L11-001,ZCOC,VW,WCD20,MRCP-L11-.003,MEAN,10
2020-11-22 07:35:51,A21WW314,A21WW314.06,0.038731695696871765,0.0,0.3,0.25,-0.25,-0.3,stageE11,L11-3,ProdC,ZSE001,s#U1-02,s#U2-02,SRCP-L11-I,SRCPSUB-L11-001,YCOB,VW,WCD20,MRCP-L11-.005,MEAN,11
2020-11-22 15:23:53,A21XX989,A21XX989.16,-0.09962627308921604,0.0,0.3,0.25,-0.25,-0.3,stageE11,L11-3,ProdD,XSE005,s#U1-04,s#U2-04,SRCP-L11-H,SRCPSUB-L11-001,YCOC,VW,WCD20,MRCP-L11-.005,MEAN,12
2020-11-22 17:07:34,A21YY541,A21YY541.19,-0.18890965423441705,0.0,0.3,0.25,-0.25,-0.3,stageE11,L11-1,ProdD,XSE005,s#U1-02,s#U2-04,SRCP-L11-H,SRCPSUB-L11-001,YCOC,VW,WCD20,MRCP-L11-.003,MEAN,13
2020-11-22 21:58:58,A21ZZ274,A21ZZ274.15,0.05599459788602908,0.0,0.3,0.25,-0.25,-0.3,stageE11,L11-1,ProdD,YSE005,s#U1-02,s#U2-04,SRCP-L11-H,SRCPSUB-L11-001,ZCOC,VW,WCD20,MRCP-L11-.005,MEAN,14
2020-11-23 07:24:46,A21XX122,A21XX122.12,0.12335064590257197,0.0,0.3,0.25,-0.25,-0.3,stageE11,L11-1,ProdC,YSE003,s#U1-03,s#U2-01,SRCP-L11-J,SRCPSUB-L11-001,ZCOB,VW,WCD20,MRCP-L11-.003,MEAN,15
2020-11-24 01:24:30,A21WW487,A21WW487.25,0.079427360726494,0.0,0.3,0.25,-0.25,-0.3,stageE11,L11-3,ProdC,YSE001,s#U1-02,s#U2-03,SRCP-L11-I,SRCPSUB-L11-001,ZCOC,VW,WCD20,MRCP-L11-.003,MEAN,16
2020-11-24 11:12:48,A21WW519,A21WW519.16,0.06995378034899244,0.0,0.3,0.25,-0.25,-0.3,stageE11,L11-1,ProdD,ZSE001,s#U1-02,s#U2-01,SRCP-L11-I,SRCPSUB-L11-001,YCOC,VW,WCD20,MRCP-L11-.003,MEAN,17
2020-11-24 17:38:11,A21YY134,A21YY134.02,0.08633327345868559,0.0,0.3,0.25,-0.25,-0.3,stageE11,L11-2,ProdB,YSE005,s#U1-02,s#U2-02,SRCP-L11-H,SRCPSUB-L11-001,YCOC,VW,WCD20,MRCP-L11-.003,MEAN,18
2020-11-24 21:13:25,A21YY119,A21YY119.05,0.17565948267397435,0.0,0.3,0.25,-0.25,-0.3,stageE11,L11-3,ProdB,XSE001,s#U1-02,s#U2-02,SRCP-L11-J,SRCPSUB-L11-001,ZCOB,VW,WCD20,MRCP-L11-.003,MEAN,19
2020-11-25 00:23:02,A21YY742,A21YY742.16,0.10336222915590634,0.0,0.3,0.25,-0.25,-0.3,stageE11,L11-3,ProdB,ZSE001,s#U1-01,s#U2-04,SRCP-L11-H,SRCPSUB-L11-001,YCOB,VW,WCD20,MRCP-L11-.003,MEAN,20
2020-11-25 03:09:10,A21YY280,A21YY280.15,0.02009894569341956,0.0,0.3,0.25,-0.25,-0.3,stageE11,L11-2,ProdA,ZSE003,s#U1-04,s#U2-02,SRCP-L11-H,SRCPSUB-L11-001,ZCOC,VW,WCD20,MRCP-L11-.003,MEAN,21
2020-11-25 08:49:04,A21ZZ442,A21ZZ442.18,0.010981766366744786,0.0,0.3,0.25,-0.25,-0.3,stageE11,L11-1,ProdA,ZSE005,s#U1-03,s#U2-04,SRCP-L11-J,SRCPSUB-L11-001,YCOC,VW,WCD20,MRCP-L11-.004,MEAN,22
2020-11-25 18:39:42,A21XX978,A21XX978.23,-0.16642595555552964,0.0,0.3,0.25,-0.25,-0.3,stageE11,L11-3,ProdA,ZSE005,s#U1-03,s#U2-01,SRCP-L11-H,SRCPSUB-L11-001,YCOB,VW,WCD20,MRCP-L11-.005,MEAN,23
2020-11-25 21:28:59,A21ZZ931,A21ZZ931.17,0.05797633563339,0.0,0.3,0.25,-0.25,-0.3,stageE11,L11-2,ProdB,YSE005,s#U1-03,s#U2-01,SRCP-L11-H,SRCPSUB-L11-001,ZCOC,VW,WCD20,MRCP-L11-.004,MEAN,24
2020-11-27 02:13:32,A21ZZ325,A21ZZ325.21,-0.2636498553542239,0.0,0.3,0.25,-0.25,-0.3,stageE11,L11-3,ProdA,ZSE005,s#U1-01,s#U2-04,SRCP-L11-I,SRCPSUB-L11-001,ZCOB,VW,WCD20,MRCP-L11-.005,MEAN,25
2020-11-28 00:27:02,A21WW456,A21WW456.04,0.009361734312126087,0.0,0.3,0.25,-0.25,-0.3,stageE11,L11-1,ProdB,YSE001,s#U1-04,s#U2-01,SRCP-L11-H,SRCPSUB-L11-001,ZCOC,VW,WCD20,MRCP-L11-.003,MEAN,26
2020-11-28 17:39:24,A21WW445,A21WW445.23,-0.13656778709477999,0.0,0.3,0.25,-0.25,-0.3,stageE11,L11-1,ProdC,XSE005,s#U1-01,s#U2-02,SRCP-L11-H,SRCPSUB-L11-001,ZCOC,VW,WCD20,MRCP-L11-.004,MEAN,27
2020-11-29 03:05:18,A21ZZ737,A21ZZ737.21,0.2010200652436739,0.0,0.3,0.25,-0.25,-0.3,stageE11,L11-3,ProdC,YSE001,s#U1-04,s#U2-03,SRCP-L11-H,SRCPSUB-L11-001,ZCOC,VW,WCD20,MRCP-L11-.004,MEAN,28
2020-11-29 07:48:05,A21ZZ446,A21ZZ446.05,0.06156563937544948,0.0,0.3,0.25,-0.25,-0.3,stageE11,L11-2,ProdC,XSE001,s#U1-03,s#U2-04,SRCP-L11-H,SRCPSUB-L11-001,YCOC,VW,WCD20,MRCP-L11-.005,MEAN,29
2020-11-29 18:21:24,A21ZZ268,A21ZZ268.04,0.07926819277468139,0.0,0.3,0.25,-0.25,-0.3,stageE11,L11-3,ProdD,ZSE005,s#U1-04,s#U2-04,SRCP-L11-J,SRCPSUB-L11-001,ZCOC,VW,WCD20,MRCP-L11-.004,MEAN,30
2020-11-30 01:42:04,A21ZZ420,A21ZZ420.05,-0.17959586199162522,0.0,0.3,0.25,-0.25,-0.3,stageE11,L11-2,ProdB,YSE003,s#U1-03,s#U2-04,SRCP-L11-J,SRCPSUB-L11-001,YCOC,VW,WCD20,MRCP-L11-.004,MEAN,31
2020-11-30 03:21:15,A21ZZ396,A21ZZ396.12,-0.1047858902572815,0.0,0.3,0.25,-0.25,-0.3,stageE11,L11-3,ProdB,ZSE005,s#U1-01,s#U2-03,SRCP-L11-H,SRCPSUB-L11-001,YCOC,VW,WCD20,MRCP-L11-.005,MEAN,32
2020-11-30 03:37:41,A21ZZ254,A21ZZ254.17,0.03495160098369581,0.0,0.3,0.25,-0.25,-0.3,stageE11,L11-3,ProdC,ZSE001,s#U1-03,s#U2-04,SRCP-L11-H,SRCPSUB-L11-001,YCOB,VW,WCD20,MRCP-L11-.003,MEAN,33
2020-11-30 08:09:09,A21WW159,A21WW159.16,0.13351770084827924,0.0,0.3,0.25,-0.25,-0.3,stageE11,L11-2,ProdB,ZSE003,s#U1-02,s#U2-04,SRCP-L11-J,SRCPSUB-L11-001,ZCOB,VW,WCD20,MRCP-L11-.004,MEAN,34
2020-11-30 10:15:43,A21WW412,A21WW412.15,0.16569349997046012,0.0,0.3,0.25,-0.25,-0.3,stageE11,L11-2,ProdB,ZSE003,s#U1-03,s#U2-02,SRCP-L11-H,SRCPSUB-L11-001,ZCOC,VW,WCD20,MRCP-L11-.005,MEAN,35
2020-11-30 16:09:12,A21WW787,A21WW787.06,0.15489323664497145,0.0,0.3,0.25,-0.25,-0.3,stageE11,L11-2,ProdB,YSE005,s#U1-04,s#U2-02,SRCP-L11-H,SRCPSUB-L11-001,ZCOB,VW,WCD20,MRCP-L11-.003,MEAN,36
2020-12-01 10:58:13,A21WW858,A21WW858.11,-0.02664703091647232,0.0,0.3,0.25,-0.25,-0.3,stageE11,L11-1,ProdB,XSE003,s#U1-02,s#U2-02,SRCP-L11-J,SRCPSUB-L11-001,YCOB,VW,WCD20,MRCP-L11-.004,MEAN,37
2020-12-01 16:37:00,A21XX865,A21XX865.16,0.09517410663310905,0.0,0.3,0.25,-0.25,-0.3,stageE11,L11-2,ProdC,XSE001,s#U1-03,s#U2-04,SRCP-L11-I,SRCPSUB-L11-001,ZCOB,VW,WCD20,MRCP-L11-.003,MEAN,38
2020-12-02 00:12:12,A21YY569,A21YY569.16,0.01850746530824364,0.0,0.3,0.25,-0.25,-0.3,stageE11,L11-3,ProdB,ZSE005,s#U1-01,s#U2-03,SRCP-L11-I,SRCPSUB-L11-001,YCOB,VW,WCD20,MRCP-L11-.004,MEAN,39
2020-12-04 13:36:35,A21ZZ824,A21ZZ824.16,0.007999274381513682,0.0,0.3,0.25,-0.25,-0.3,stageE11,L11-3,ProdD,XSE003,s#U1-04,s#U2-02,SRCP-L11-I,SRCPSUB-L11-001,ZCOB,VW,WCD20,MRCP-L11-.003,MEAN,40
2020-12-05 07:16:15,A21ZZ550,A21ZZ550.22,-0.12763965128456212,0.0,0.3,0.25,-0.25,-0.3,stageE11,L11-2,ProdC,XSE005,s#U1-01,s#U2-03,SRCP-L11-H,SRCPSUB-L11-001,ZCOB,VW,WCD20,MRCP-L11-.005,MEAN,41
2020-12-05 14:25:57,A21XX047,A21XX047.13,0.14872261294962297,0.0,0.3,0.25,-0.25,-0.3,stageE11,L11-1,ProdA,YSE003,s#U1-04,s#U2-03,SRCP-L11-H,SRCPSUB-L11-001,YCOB,VW,WCD20,MRCP-L11-.003,MEAN,42
2020-12-05 16:00:50,A21XX729,A21XX729.22,-0.08815217646595234,0.0,0.3,0.25,-0.25,-0.3,stageE11,L11-1,ProdD,YSE005,s#U1-01,s#U2-03,SRCP-L11-I,SRCPSUB-L11-001,YCOB,VW,WCD20,MRCP-L11-.003,MEAN,43
2020-12-05 22:25:20,A21WW309,A21WW309.16,0.17398400022410407,0.0,0.3,0.25,-0.25,-0.3,stageE11,L11-2,ProdC,XSE003,s#U1-03,s#U2-04,SRCP-L11-H,SRCPSUB-L11-001,ZCOC,VW,WCD20,MRCP-L11-.003,MEAN,44
2020-12-05 22:53:56,A21WW983,A21WW983.24,-0.17865659340251333,0.0,0.3,0.25,-0.25,-0.3,stageE11,L11-1,ProdA,YSE005,s#U1-03,s#U2-02,SRCP-L11-H,SRCPSUB-L11-001,ZCOC,VW,WCD20,MRCP-L11-.005,MEAN,45
2020-12-06 02:55:41,A21ZZ940,A21ZZ940.10,-0.2506163772124971,0.0,0.3,0.25,-0.25,-0.3,stageE11,L11-3,ProdD,XSE005,s#U1-04,s#U2-01,SRCP-L11-I,SRCPSUB-L11-001,ZCOC,VW,WCD20,MRCP-L11-.004,MEAN,46
2020-12-07 12:31:27,A21XX993,A21XX993.01,-0.039834791766761864,0.0,0.3,0.25,-0.25,-0.3,stageE11,L11-1,ProdD,ZSE005,s#U1-03,s#U2-01,SRCP-L11-J,SRCPSUB-L11-001,YCOC,VW,WCD20,MRCP-L11-.004,MEAN,47
2020-12-08 12:15:12,A21YY869,A21YY869.02,0.08241918140471555,0.0,0.3,0.25,-0.25,-0.3,stageE11,L11-1,ProdB,YSE001,s#U1-01,s#U2-04,SRCP-L11-H,SRCPSUB-L11-001,ZCOB,VW,WCD20,MRCP-L11-.004,MEAN,48
2020-12-08 12:33:39,A21ZZ006,A21ZZ006.21,0.11417786813184355,0.0,0.3,0.25,-0.25,-0.3,stageE11,L11-1,ProdB,ZSE001,s#U1-03,s#U2-03,SRCP-L11-J,SRCPSUB-L11-001,ZCOB,VW,WCD20,MRCP-L11-.004,MEAN,49
2020-12-08 21:20:25,A21ZZ414,A21ZZ414.22,-0.03471482684119346,0.0,0.3,0.25,-0.25,-0.3,stageE11,L11-2,ProdB,YSE001,s#U1-03,s#U2-02,SRCP-L11-J,SRCPSUB-L11-001,ZCOB,VW,WCD20,MRCP-L11-.003,MEAN,50
2020-12-08 22:15:39,A21XX292,A21XX292.25,0.0037355121616624107,0.0,0.3,0.25,-0.25,-0.3,stageE11,L11-1,ProdB,ZSE005,s#U1-03,s#U2-03,SRCP-L11-H,SRCPSUB-L11-001,YCOB,VW,WCD20,MRCP-L11-.004,MEAN,51
2020-12-09 04:36:50,A21XX674,A21XX674.02,0.2095560769606195,0.0,0.3,0.25,-0.25,-0.3,stageE11,L11-2,ProdA,ZSE001,s#U1-01,s#U2-01,SRCP-L11-I,SRCPSUB-L11-001,YCOC,VW,WCD20,MRCP-L11-.005,MEAN,52
2020-12-09 09:46:30,A21XX753,A21XX753.21,-0.027750686326107128,0.0,0.3,0.25,-0.25,-0.3,stageE11,L11-3,ProdA,YSE003,s#U1-01,s#U2-04,SRCP-L11-I,SRCPSUB-L11-001,YCOC,VW,WCD20,MRCP-L11-.004,MEAN,53
2020-12-09 21:27:54,A21ZZ674,A21ZZ674.16,0.15678028390963733,0.0,0.3,0.25,-0.25,-0.3,stageE11,L11-3,ProdC,YSE003,s#U1-03,s#U2-03,SRCP-L11-I,SRCPSUB-L11-001,ZCOB,VW,WCD20,MRCP-L11-.004,MEAN,54
2020-12-10 20:15:37,A21XX313,A21XX313.20,0.0897897770476571,0.0,0.3,0.25,-0.25,-0.3,stageE11,L11-2,ProdD,XSE001,s#U1-03,s#U2-03,SRCP-L11-J,SRCPSUB-L11-001,YCOB,VW,WCD20,MRCP-L11-.004,MEAN,55
2020-12-11 01:58:39,A21XX432,A21XX432.22,-0.06439343402139325,0.0,0.3,0.25,-0.25,-0.3,stageE11,L11-3,ProdC,YSE003,s#U1-03,s#U2-01,SRCP-L11-I,SRCPSUB-L11-001,ZCOC,VW,WCD20,MRCP-L11-.003,MEAN,56
2020-12-12 03:01:46,A21XX244,A21XX244.14,0.1598764361352984,0.0,0.3,0.25,-0.25,-0.3,stageE11,L11-1,ProdC,YSE005,s#U1-04,s#U2-02,SRCP-L11-I,SRCPSUB-L11-002,YCOC,VW,WCD20,MRCP-L11-.004,MEAN,57
2020-12-12 17:00:53,A21YY864,A21YY864.16,0.062186034156854454,0.0,0.3,0.25,-0.25,-0.3,stageE11,L11-1,ProdB,YSE005,s#U1-01,s#U2-04,SRCP-L11-I,SRCPSUB-L11-002,YCOC,VW,WCD20,MRCP-L11-.003,MEAN,58
2020-12-12 21:04:30,A21ZZ308,A21ZZ308.02,0.08939090010439943,0.0,0.3,0.25,-0.25,-0.3,stageE11,L11-2,ProdD,XSE001,s#U1-04,s#U2-04,SRCP-L11-J,SRCPSUB-L11-002,YCOC,VW,WCD20,MRCP-L11-.003,MEAN,59
2020-12-13 10:13:27,A21XX773,A21XX773.07,0.04434617250849797,0.0,0.3,0.25,-0.25,-0.3,stageE11,L11-2,ProdC,ZSE005,s#U1-02,s#U2-03,SRCP-L11-J,SRCPSUB-L11-002,YCOC,VW,WCD20,MRCP-L11-.003,MEAN,60
2020-12-14 01:24:48,A21XX097,A21XX097.21,-0.03954257596274803,0.0,0.3,0.25,-0.25,-0.3,stageE11,L11-2,ProdD,ZSE005,s#U1-02,s#U2-01,SRCP-L11-I,SRCPSUB-L11-002,YCOC,VW,WCD20,MRCP-L11-.005,MEAN,61
2020-12-14 11:48:35,A21XX528,A21XX528.10,-0.03429007128605405,0.0,0.3,0.25,-0.25,-0.3,stageE11,L11-1,ProdA,YSE003,s#U1-04,s#U2-03,SRCP-L11-H,SRCPSUB-L11-002,ZCOC,VW,WCD20,MRCP-L11-.005,MEAN,62
2020-12-14 23:56:11,A21ZZ331,A21ZZ331.15,0.110523174405776,0.0,0.3,0.25,-0.25,-0.3,stageE11,L11-3,ProdB,XSE005,s#U1-01,s#U2-04,SRCP-L11-I,SRCPSUB-L11-002,YCOB,VW,WCD20,MRCP-L11-.004,MEAN,63
2020-12-15 02:21:40,A21XX654,A21XX654.18,0.033663012026371966,0.0,0.3,0.25,-0.25,-0.3,stageE11,L11-1,ProdC,YSE003,s#U1-04,s#U2-04,SRCP-L11-H,SRCPSUB-L11-002,YCOB,VW,WCD20,MRCP-L11-.005,MEAN,64
2020-12-15 10:09:23,A21ZZ360,A21ZZ360.25,-0.03831926087017436,0.0,0.3,0.25,-0.25,-0.3,stageE11,L11-3,ProdB,XSE005,s#U1-04,s#U2-04,SRCP-L11-J,SRCPSUB-L11-002,YCOB,VW,WCD20,MRCP-L11-.004,MEAN,65
2020-12-15 22:04:19,A21WW725,A21WW725.21,-0.01962608981191072,0.0,0.3,0.25,-0.25,-0.3,stageE11,L11-2,ProdC,ZSE001,s#U1-04,s#U2-03,SRCP-L11-I,SRCPSUB-L11-002,YCOB,VW,WCD20,MRCP-L11-.004,MEAN,66
2020-12-17 09:56:08,A21XX975,A21XX975.01,0.18780469556065338,0.0,0.3,0.25,-0.25,-0.3,stageE11,L11-1,ProdD,ZSE005,s#U1-03,s#U2-03,SRCP-L11-J,SRCPSUB-L11-002,YCOC,VW,WCD20,MRCP-L11-.003,MEAN,67
2020-11-18 14:50:23,A21WW343,A21WW343.11,0.12262954897560098,0.0,0.3,0.25,-0.25,-0.3,stageE11,L11-2,ProdD,ZSE005,s#U1-02,s#U2-01,SRCP-L11-I,SRCPSUB-L11-001,YCOB,VW,WCD33,MRCP-L11-.005,MEAN,68
2020-11-18 16:04:27,A21ZZ883,A21ZZ883.03,0.3184581412863251,0.0,0.3,0.25,-0.25,-0.3,stageE11,L11-2,ProdC,XSE001,s#U1-03,s#U2-03,SRCP-L11-J,SRCPSUB-L11-001,YCOB,VW,WCD33,MRCP-L11-.005,MEAN,69
2020-11-19 04:09:05,A21ZZ848,A21ZZ848.15,0.2595857995258146,0.0,0.3,0.25,-0.25,-0.3,stageE11,L11-1,ProdB,ZSE005,s#U1-02,s#U2-04,SRCP-L11-H,SRCPSUB-L11-001,ZCOB,VW,WCD33,MRCP-L11-.005,MEAN,70
2020-11-19 05:47:37,A21ZZ860,A21ZZ860.24,0.12681414595776222,0.0,0.3,0.25,-0.25,-0.3,stageE11,L11-1,ProdB,XSE003,s#U1-04,s#U2-03,SRCP-L11-I,SRCPSUB-L11-001,YCOB,VW,WCD33,MRCP-L11-.004,MEAN,71
2020-11-19 19:34:37,A21XX259,A21XX259.23,0.31454275996263903,0.0,0.3,0.25,-0.25,-0.3,stageE11,L11-1,ProdB,XSE005,s#U1-02,s#U2-02,SRCP-L11-I,SRCPSUB-L11-001,ZCOC,VW,WCD33,MRCP-L11-.003,MEAN,72
2020-11-20 03:07:43,A21YY645,A21YY645.02,0.17595948255437976,0.0,0.3,0.25,-0.25,-0.3,stageE11,L11-1,ProdA,XSE005,s#U1-01,s#U2-02,SRCP-L11-I,SRCPSUB-L11-001,YCOB,VW,WCD33,MRCP-L11-.003,MEAN,73
2020-11-20 05:36:49,A21ZZ660,A21ZZ660.06,0.08754804021009122,0.0,0.3,0.25,-0.25,-0.3,stageE11,L11-2,ProdB,ZSE005,s#U1-04,s#U2-04,SRCP-L11-H,SRCPSUB-L11-001,YCOC,VW,WCD33,MRCP-L11-.004,MEAN,74
2020-11-20 05:53:36,A21WW108,A21WW108.16,0.05623850471420651,0.0,0.3,0.25,-0.25,-0.3,stageE11,L11-3,ProdC,YSE005,s#U1-01,s#U2-02,SRCP-L11-J,SRCPSUB-L11-001,YCOC,VW,WCD33,MRCP-L11-.004,MEAN,75
2020-11-20 06:49:52,A21WW186,A21WW186.22,0.24489825935951526,0.0,0.3,0.25,-0.25,-0.3,stageE11,L11-3,ProdD,YSE001,s#U1-02,s#U2-02,SRCP-L11-H,SRCPSUB-L11-001,ZCOC,VW,WCD33,MRCP-L11-.004,MEAN,76
2020-11-20 10:59:28,A21YY781,A21YY781.06,0.042260830739475716,0.0,0.3,0.25,-0.25,-0.3,stageE11,L11-3,ProdB,YSE003,s#U1-02,s#U2-02,SRCP-L11-I,SRCPSUB-L11-001,YCOC,VW,WCD33,MRCP-L11-.004,MEAN,77
2020-11-21 01:12:30,A21XX264,A21XX264.24,0.13261100252468974,0.0,0.3,0.25,-0.25,-0.3,stageE11,L11-3,ProdB,XSE003,s#U1-03,s#U2-03,SRCP-L11-I,SRCPSUB-L11-001,YCOB,VW,WCD33,MRCP-L11-.004,MEAN,78
2020-11-21 03:23:09,A21ZZ866,A21ZZ866.10,0.10573695279896313,0.0,0.3,0.25,-0.25,-0.3,stageE11,L11-2,ProdC,YSE001,s#U1-04,s#U2-04,SRCP-L11-I,SRCPSUB-L11-001,YCOB,VW,WCD33,MRCP-L11-.005,MEAN,79
2020-11-21 04:04:22,A21XX038,A21XX038.10,0.12727146710514298,0.0,0.3,0.25,-0.25,-0.3,stageE11,L11-3,ProdA,ZSE005,s#U1-01,s#U2-01,SRCP-L11-I,SRCPSUB-L11-001,YCOC,VW,WCD33,MRCP-L11-.005,MEAN,80
2020-11-21 05:39:32,A21YY172,A21YY172.17,0.2906495035680935,0.0,0.3,0.25,-0.25,-0.3,stageE11,L11-1,ProdA,XSE001,s#U1-01,s#U2-01,SRCP-L11-J,SRCPSUB-L11-001,ZCOC,VW,WCD33,MRCP-L11-.003,MEAN,81
2020-11-21 07:48:47,A21WW434,A21WW434.12,0.175468156907303,0.0,0.3,0.25,-0.25,-0.3,stageE11,L11-1,ProdC,ZSE001,s#U1-03,s#U2-04,SRCP-L11-H,SRCPSUB-L11-001,ZCOB,VW,WCD33,MRCP-L11-.003,MEAN,82
2020-11-21 11:24:00,A21XX445,A21XX445.07,0.07574887371035724,0.0,0.3,0.25,-0.25,-0.3,stageE11,L11-2,ProdB,YSE003,s#U1-01,s#U2-04,SRCP-L11-I,SRCPSUB-L11-001,ZCOB,VW,WCD33,MRCP-L11-.004,MEAN,83
2020-11-22 11:12:43,A21ZZ066,A21ZZ066.17,0.02530615229958412,0.0,0.3,0.25,-0.25,-0.3,stageE11,L11-3,ProdD,YSE003,s#U1-04,s#U2-03,SRCP-L11-J,SRCPSUB-L11-001,YCOB,VW,WCD33,MRCP-L11-.003,MEAN,84
2020-11-23 14:41:55,A21XX783,A21XX783.15,0.08328123303343414,0.0,0.3,0.25,-0.25,-0.3,stageE11,L11-1,ProdA,ZSE005,s#U1-01,s#U2-03,SRCP-L11-I,SRCPSUB-L11-001,ZCOC,VW,WCD33,MRCP-L11-.004,MEAN,85
2020-11-24 05:04:24,A21ZZ982,A21ZZ982.03,0.22854907080863196,0.0,0.3,0.25,-0.25,-0.3,stageE11,L11-2,ProdC,XSE005,s#U1-01,s#U2-03,SRCP-L11-I,SRCPSUB-L11-001,ZCOB,VW,WCD33,MRCP-L11-.004,MEAN,86
2020-11-25 03:15:11,A21YY674,A21YY674.18,0.015000748162318972,0.0,0.3,0.25,-0.25,-0.3,stageE11,L11-1,ProdB,YSE001,s#U1-02,s#U2-04,SRCP-L11-H,SRCPSUB-L11-001,ZCOB,VW,WCD33,MRCP-L11-.004,MEAN,87
2020-11-25 03:35:24,A21WW721,A21WW721.24,0.06647999911260398,0.0,0.3,0.25,-0.25,-0.3,stageE11,L11-1,ProdC,ZSE005,s#U1-02,s#U2-01,SRCP-L11-I,SRCPSUB-L11-001,ZCOB,VW,WCD33,MRCP-L11-.005,MEAN,88
2020-11-25 12:23:51,A21YY449,A21YY449.05,0.02605638159869983,0.0,0.3,0.25,-0.25,-0.3,stageE11,L11-2,ProdB,YSE001,s#U1-04,s#U2-01,SRCP-L11-I,SRCPSUB-L11-001,YCOB,VW,WCD33,MRCP-L11-.004,MEAN,89
2020-11-25 12:45:58,A21YY697,A21YY697.15,0.14375600002057087,0.0,0.3,0.25,-0.25,-0.3,stageE11,L11-3,ProdA,YSE001,s#U1-01,s#U2-04,SRCP-L11-I,SRCPSUB-L11-001,YCOC,VW,WCD33,MRCP-L11-.004,MEAN,90
2020-11-25 13:39:39,A21ZZ488,A21ZZ488.03,0.038764206036332835,0.0,0.3,0.25,-0.25,-0.3,stageE11,L11-1,ProdD,YSE003,s#U1-01,s#U2-01,SRCP-L11-I,SRCPSUB-L11-001,ZCOC,VW,WCD33,MRCP-L11-.005,MEAN,91
2020-11-25 18:57:16,A21ZZ275,A21ZZ275.02,0.1283482943556911,0.0,0.3,0.25,-0.25,-0.3,stageE11,L11-1,ProdC,YSE003,s#U1-01,s#U2-01,SRCP-L11-I,SRCPSUB-L11-001,YCOB,VW,WCD33,MRCP-L11-.005,MEAN,92
2020-11-25 22:37:37,A21ZZ762,A21ZZ762.19,0.050573501946764535,0.0,0.3,0.25,-0.25,-0.3,stageE11,L11-1,ProdC,YSE001,s#U1-02,s#U2-03,SRCP-L11-J,SRCPSUB-L11-001,ZCOC,VW,WCD33,MRCP-L11-.004,MEAN,93
2020-11-26 03:53:18,A21ZZ738,A21ZZ738.02,0.07673823981934386,0.0,0.3,0.25,-0.25,-0.3,stageE11,L11-1,ProdD,XSE003,s#U1-01,s#U2-03,SRCP-L11-I,SRCPSUB-L11-001,ZCOC,VW,WCD33,MRCP-L11-.005,MEAN,94
2020-11-26 04:29:35,A21XX378,A21XX378.14,-0.05651051170009258,0.0,0.3,0.25,-0.25,-0.3,stageE11,L11-3,ProdD,ZSE001,s#U1-02,s#U2-03,SRCP-L11-H,SRCPSUB-L11-001,YCOC,VW,WCD33,MRCP-L11-.003,MEAN,95
2020-11-26 04:55:22,A21YY409,A21YY409.21,0.1136200511574602,0.0,0.3,0.25,-0.25,-0.3,stageE11,L11-2,ProdA,XSE003,s#U1-03,s#U2-04,SRCP-L11-J,SRCPSUB-L11-001,YCOB,VW,WCD33,MRCP-L11-.004,MEAN,96
2020-11-27 02:57:22,A21ZZ653,A21ZZ653.12,0.2492106996185669,0.0,0.3,0.25,-0.25,-0.3,stageE11,L11-2,ProdB,ZSE005,s#U1-02,s#U2-02,SRCP-L11-H,SRCPSUB-L11-001,ZCOB,VW,WCD33,MRCP-L11-.004,MEAN,97
2020-11-27 19:32:29,A21YY762,A21YY762.15,-0.003827017542800959,0.0,0.3,0.25,-0.25,-0.3,stageE11,L11-2,ProdD,ZSE001,s#U1-04,s#U2-04,SRCP-L11-I,SRCPSUB-L11-001,YCOC,VW,WCD33,MRCP-L11-.005,MEAN,98
2020-11-28 02:56:27,A21YY247,A21YY247.22,0.10899169906786542,0.0,0.3,0.25,-0.25,-0.3,stageE11,L11-3,ProdC,YSE001,s#U1-01,s#U2-03,SRCP-L11-H,SRCPSUB-L11-001,ZCOC,VW,WCD33,MRCP-L11-.004,MEAN,99
2020-11-28 17:49:40,A21ZZ891,A21ZZ891.25,0.18208940188033185,0.0,0.3,0.25,-0.25,-0.3,stageE11,L11-2,ProdD,XSE005,s#U1-01,s#U2-04,SRCP-L11-H,SRCPSUB-L11-001,YCOC,VW,WCD33,MRCP-L11-.005,MEAN,100
2020-11-29 08:55:32,A21WW436,A21WW436.16,0.07721426273006604,0.0,0.3,0.25,-0.25,-0.3,stageE11,L11-1,ProdC,XSE005,s#U1-04,s#U2-02,SRCP-L11-H,SRCPSUB-L11-001,YCOC,VW,WCD33,MRCP-L11-.005,MEAN,101
2020-11-30 20:02:02,A21XX854,A21XX854.11,0.12398114987556748,0.0,0.3,0.25,-0.25,-0.3,stageE11,L11-2,ProdA,YSE005,s#U1-04,s#U2-03,SRCP-L11-J,SRCPSUB-L11-001,YCOB,VW,WCD33,MRCP-L11-.003,MEAN,102
2020-11-30 23:44:29,A21YY771,A21YY771.18,0.021557465190171266,0.0,0.3,0.25,-0.25,-0.3,stageE11,L11-3,ProdD,YSE001,s#U1-04,s#U2-04,SRCP-L11-H,SRCPSUB-L11-001,YCOC,VW,WCD33,MRCP-L11-.003,MEAN,103
2020-12-01 15:02:50,A21ZZ486,A21ZZ486.17,0.25969358862910064,0.0,0.3,0.25,-0.25,-0.3,stageE11,L11-1,ProdC,YSE005,s#U1-01,s#U2-02,SRCP-L11-H,SRCPSUB-L11-001,YCOB,VW,WCD33,MRCP-L11-.003,MEAN,104
2020-12-01 20:24:41,A21ZZ795,A21ZZ795.05,0.06876838714820402,0.0,0.3,0.25,-0.25,-0.3,stageE11,L11-3,ProdA,XSE005,s#U1-02,s#U2-01,SRCP-L11-J,SRCPSUB-L11-001,YCOC,VW,WCD33,MRCP-L11-.003,MEAN,105
2020-12-01 20:41:06,A21YY826,A21YY826.13,0.22359354142187932,0.0,0.3,0.25,-0.25,-0.3,stageE11,L11-2,ProdA,YSE001,s#U1-04,s#U2-03,SRCP-L11-J,SRCPSUB-L11-001,ZCOC,VW,WCD33,MRCP-L11-.005,MEAN,106
2020-12-02 11:48:48,A21XX749,A21XX749.05,-0.05357564558016503,0.0,0.3,0.25,-0.25,-0.3,stageE11,L11-1,ProdC,XSE005,s#U1-03,s#U2-03,SRCP-L11-H,SRCPSUB-L11-001,YCOB,VW,WCD33,MRCP-L11-.005,MEAN,107
2020-12-02 21:09:18,A21XX525,A21XX525.01,0.27548278119926706,0.0,0.3,0.25,-0.25,-0.3,stageE11,L11-1,ProdD,YSE003,s#U1-03,s#U2-04,SRCP-L11-J,SRCPSUB-L11-001,YCOC,VW,WCD33,MRCP-L11-.004,MEAN,108
2020-12-02 23:17:48,A21XX245,A21XX245.17,0.22534810271263406,0.0,0.3,0.25,-0.25,-0.3,stageE11,L11-2,ProdA,ZSE001,s#U1-03,s#U2-01,SRCP-L11-H,SRCPSUB-L11-001,ZCOC,VW,WCD33,MRCP-L11-.004,MEAN,109
2020-12-03 02:48:25,A21WW126,A21WW126.24,0.19978763412461048,0.0,0.3,0.25,-0.25,-0.3,stageE11,L11-2,ProdB,XSE003,s#U1-01,s#U2-02,SRCP-L11-H,SRCPSUB-L11-001,ZCOB,VW,WCD33,MRCP-L11-.003,MEAN,110
2020-12-03 11:01:20,A21XX875,A21XX875.03,0.08833319734123243,0.0,0.3,0.25,-0.25,-0.3,stageE11,L11-2,ProdA,XSE003,s#U1-04,s#U2-01,SRCP-L11-I,SRCPSUB-L11-001,YCOC,VW,WCD33,MRCP-L11-.005,MEAN,111
2020-12-04 02:54:16,A21XX673,A21XX673.18,0.03066051413676206,0.0,0.3,0.25,-0.25,-0.3,stageE11,L11-3,ProdB,XSE005,s#U1-02,s#U2-03,SRCP-L11-H,SRCPSUB-L11-001,YCOB,VW,WCD33,MRCP-L11-.003,MEAN,112
2020-12-04 04:27:00,A21WW580,A21WW580.02,0.1430319953284816,0.0,0.3,0.25,-0.25,-0.3,stageE11,L11-1,ProdC,YSE001,s#U1-04,s#U2-03,SRCP-L11-J,SRCPSUB-L11-001,ZCOB,VW,WCD33,MRCP-L11-.004,MEAN,113
2020-12-04 06:17:03,A21WW761,A21WW761.14,-0.10651132415950124,0.0,0.3,0.25,-0.25,-0.3,stageE11,L11-2,ProdC,YSE001,s#U1-01,s#U2-02,SRCP-L11-I,SRCPSUB-L11-001,YCOC,VW,WCD33,MRCP-L11-.005,MEAN,114
2020-12-05 04:38:22,A21YY651,A21YY651.06,0.164159651940977,0.0,0.3,0.25,-0.25,-0.3,stageE11,L11-1,ProdD,YSE005,s#U1-04,s#U2-01,SRCP-L11-J,SRCPSUB-L11-001,ZCOB,VW,WCD33,MRCP-L11-.004,MEAN,115
2020-12-05 04:53:36,A21ZZ312,A21ZZ312.21,0.009832247218680534,0.0,0.3,0.25,-0.25,-0.3,stageE11,L11-2,ProdB,YSE003,s#U1-04,s#U2-04,SRCP-L11-H,SRCPSUB-L11-001,ZCOB,VW,WCD33,MRCP-L11-.005,MEAN,116
2020-12-05 10:07:26,A21WW420,A21WW420.07,0.1888651116134678,0.0,0.3,0.25,-0.25,-0.3,stageE11,L11-1,ProdA,XSE003,s#U1-04,s#U2-01,SRCP-L11-I,SRCPSUB-L11-001,ZCOC,VW,WCD33,MRCP-L11-.004,MEAN,117
2020-12-05 21:32:37,A21WW492,A21WW492.18,-0.10153544850214793,0.0,0.3,0.25,-0.25,-0.3,stageE11,L11-3,ProdD,YSE003,s#U1-02,s#U2-04,SRCP-L11-J,SRCPSUB-L11-001,YCOC,VW,WCD33,MRCP-L11-.003,MEAN,118
2020-12-06 22:59:41,A21XX677,A21XX677.04,0.0012094460355209918,0.0,0.3,0.25,-0.25,-0.3,stageE11,L11-3,ProdC,XSE005,s#U1-04,s#U2-04,SRCP-L11-I,SRCPSUB-L11-001,ZCOB,VW,WCD33,MRCP-L11-.005,MEAN,119
2020-12-07 13:47:23,A21ZZ295,A21ZZ295.18,0.038966589622117534,0.0,0.3,0.25,-0.25,-0.3,stageE11,L11-1,ProdC,YSE003,s#U1-04,s#U2-03,SRCP-L11-J,SRCPSUB-L11-001,ZCOC,VW,WCD33,MRCP-L11-.005,MEAN,120
2020-12-07 14:17:58,A21XX582,A21XX582.07,0.23084374935102808,0.0,0.3,0.25,-0.25,-0.3,stageE11,L11-3,ProdA,ZSE001,s#U1-01,s#U2-04,SRCP-L11-I,SRCPSUB-L11-001,YCOC,VW,WCD33,MRCP-L11-.005,MEAN,121
2020-12-07 18:35:15,A21YY004,A21YY004.06,-0.08880527521283571,0.0,0.3,0.25,-0.25,-0.3,stageE11,L11-2,ProdD,XSE005,s#U1-03,s#U2-02,SRCP-L11-I,SRCPSUB-L11-001,YCOC,VW,WCD33,MRCP-L11-.005,MEAN,122
2020-12-07 20:26:01,A21WW241,A21WW241.16,0.16791997305545864,0.0,0.3,0.25,-0.25,-0.3,stageE11,L11-1,ProdA,ZSE003,s#U1-01,s#U2-01,SRCP-L11-I,SRCPSUB-L11-001,ZCOC,VW,WCD33,MRCP-L11-.005,MEAN,123
2020-12-08 11:32:09,A21YY988,A21YY988.14,0.007487929040606148,0.0,0.3,0.25,-0.25,-0.3,stageE11,L11-2,ProdD,YSE001,s#U1-01,s#U2-01,SRCP-L11-J,SRCPSUB-L11-001,ZCOB,VW,WCD33,MRCP-L11-.004,MEAN,124
2020-12-08 22:28:14,A21XX937,A21XX937.06,0.05638769542857974,0.0,0.3,0.25,-0.25,-0.3,stageE11,L11-1,ProdA,YSE005,s#U1-02,s#U2-01,SRCP-L11-I,SRCPSUB-L11-001,ZCOB,VW,WCD33,MRCP-L11-.005,MEAN,125
2020-12-09 10:51:54,A21ZZ491,A21ZZ491.12,0.03081103995454415,0.0,0.3,0.25,-0.25,-0.3,stageE11,L11-2,ProdD,ZSE005,s#U1-02,s#U2-01,SRCP-L11-I,SRCPSUB-L11-001,ZCOB,VW,WCD33,MRCP-L11-.005,MEAN,126
2020-12-10 23:20:28,A21YY641,A21YY641.10,-0.005963104302416561,0.0,0.3,0.25,-0.25,-0.3,stageE11,L11-2,ProdA,YSE005,s#U1-02,s#U2-04,SRCP-L11-J,SRCPSUB-L11-001,ZCOC,VW,WCD33,MRCP-L11-.004,MEAN,127
2020-12-11 01:25:31,A21XX880,A21XX880.15,-0.060624241248304844,0.0,0.3,0.25,-0.25,-0.3,stageE11,L11-2,ProdD,YSE003,s#U1-02,s#U2-02,SRCP-L11-J,SRCPSUB-L11-001,YCOB,VW,WCD33,MRCP-L11-.003,MEAN,128
2020-12-11 03:07:22,A21YY686,A21YY686.07,0.1278916053500744,0.0,0.3,0.25,-0.25,-0.3,stageE11,L11-1,ProdA,XSE001,s#U1-01,s#U2-04,SRCP-L11-H,SRCPSUB-L11-001,ZCOB,VW,WCD33,MRCP-L11-.004,MEAN,129
2020-12-11 11:50:37,A21WW370,A21WW370.01,-0.011187814461415813,0.0,0.3,0.25,-0.25,-0.3,stageE11,L11-3,ProdD,ZSE005,s#U1-01,s#U2-03,SRCP-L11-J,SRCPSUB-L11-002,YCOB,VW,WCD33,MRCP-L11-.003,MEAN,130
2020-12-11 23:49:39,A21ZZ553,A21ZZ553.10,0.006452149219936365,0.0,0.3,0.25,-0.25,-0.3,stageE11,L11-1,ProdA,YSE005,s#U1-02,s#U2-01,SRCP-L11-I,SRCPSUB-L11-002,ZCOB,VW,WCD33,MRCP-L11-.005,MEAN,131
2020-12-12 07:10:49,A21XX511,A21XX511.20,0.11787939286493276,0.0,0.3,0.25,-0.25,-0.3,stageE11,L11-2,ProdA,XSE005,s#U1-02,s#U2-01,SRCP-L11-J,SRCPSUB-L11-002,ZCOC,VW,WCD33,MRCP-L11-.005,MEAN,132
2020-12-12 09:58:24,A21ZZ748,A21ZZ748.20,0.06191383251875729,0.0,0.3,0.25,-0.25,-0.3,stageE11,L11-2,ProdB,YSE003,s#U1-02,s#U2-02,SRCP-L11-J,SRCPSUB-L11-002,ZCOC,VW,WCD33,MRCP-L11-.003,MEAN,133
2020-12-12 17:09:38,A21XX376,A21XX376.22,0.0416880817326534,0.0,0.3,0.25,-0.25,-0.3,stageE11,L11-1,ProdC,XSE001,s#U1-04,s#U2-03,SRCP-L11-J,SRCPSUB-L11-002,YCOB,VW,WCD33,MRCP-L11-.004,MEAN,134
2020-12-12 18:22:27,A21WW480,A21WW480.13,0.23530014200118946,0.0,0.3,0.25,-0.25,-0.3,stageE11,L11-3,ProdA,YSE005,s#U1-03,s#U2-01,SRCP-L11-J,SRCPSUB-L11-002,YCOB,VW,WCD33,MRCP-L11-.003,MEAN,135
2020-12-13 08:51:07,A21XX277,A21XX277.22,-0.10393538273856509,0.0,0.3,0.25,-0.25,-0.3,stageE11,L11-1,ProdB,YSE005,s#U1-04,s#U2-02,SRCP-L11-I,SRCPSUB-L11-002,ZCOC,VW,WCD33,MRCP-L11-.005,MEAN,136
2020-12-13 13:40:24,A21YY168,A21YY168.07,0.036627786215221766,0.0,0.3,0.25,-0.25,-0.3,stageE11,L11-1,ProdC,YSE005,s#U1-04,s#U2-04,SRCP-L11-H,SRCPSUB-L11-002,YCOB,VW,WCD33,MRCP-L11-.004,MEAN,137
2020-12-13 23:28:40,A21WW486,A21WW486.23,0.023477873408011787,0.0,0.3,0.25,-0.25,-0.3,stageE11,L11-3,ProdD,XSE003,s#U1-01,s#U2-04,SRCP-L11-I,SRCPSUB-L11-002,YCOC,VW,WCD33,MRCP-L11-.004,MEAN,138
2020-12-14 03:08:24,A21XX962,A21XX962.11,0.020127991417317304,0.0,0.3,0.25,-0.25,-0.3,stageE11,L11-2,ProdB,XSE001,s#U1-02,s#U2-03,SRCP-L11-J,SRCPSUB-L11-002,YCOB,VW,WCD33,MRCP-L11-.004,MEAN,139
2020-12-14 03:09:41,A21XX850,A21XX850.21,0.27015715092387504,0.0,0.3,0.25,-0.25,-0.3,stageE11,L11-3,ProdB,XSE001,s#U1-04,s#U2-01,SRCP-L11-H,SRCPSUB-L11-002,YCOC,VW,WCD33,MRCP-L11-.004,MEAN,140
2020-12-14 06:57:16,A21YY810,A21YY810.22,0.07628791197557346,0.0,0.3,0.25,-0.25,-0.3,stageE11,L11-2,ProdB,ZSE005,s#U1-02,s#U2-04,SRCP-L11-J,SRCPSUB-L11-002,YCOC,VW,WCD33,MRCP-L11-.005,MEAN,141
2020-12-14 20:04:17,A21YY734,A21YY734.05,0.3146693802262437,0.0,0.3,0.25,-0.25,-0.3,stageE11,L11-2,ProdA,XSE001,s#U1-03,s#U2-03,SRCP-L11-I,SRCPSUB-L11-002,ZCOC,VW,WCD33,MRCP-L11-.003,MEAN,142
2020-12-14 20:05:45,A21YY748,A21YY748.01,-0.014427971052746597,0.0,0.3,0.25,-0.25,-0.3,stageE11,L11-1,ProdA,XSE003,s#U1-03,s#U2-02,SRCP-L11-I,SRCPSUB-L11-002,ZCOC,VW,WCD33,MRCP-L11-.004,MEAN,143
2020-12-15 02:13:36,A21XX983,A21XX983.11,0.11101820536664848,0.0,0.3,0.25,-0.25,-0.3,stageE11,L11-1,ProdA,ZSE003,s#U1-04,s#U2-02,SRCP-L11-I,SRCPSUB-L11-002,YCOB,VW,WCD33,MRCP-L11-.003,MEAN,144
2020-12-15 05:15:32,A21XX188,A21XX188.21,0.19506199147957776,0.0,0.3,0.25,-0.25,-0.3,stageE11,L11-1,ProdD,ZSE005,s#U1-03,s#U2-03,SRCP-L11-J,SRCPSUB-L11-002,ZCOB,VW,WCD33,MRCP-L11-.004,MEAN,145
2020-12-15 06:46:00,A21ZZ338,A21ZZ338.11,0.05838481387691655,0.0,0.3,0.25,-0.25,-0.3,stageE11,L11-3,ProdC,XSE001,s#U1-03,s#U2-04,SRCP-L11-I,SRCPSUB-L11-002,ZCOC,VW,WCD33,MRCP-L11-.004,MEAN,146
2020-12-15 10:28:50,A21XX325,A21XX325.23,0.033407386464322814,0.0,0.3,0.25,-0.25,-0.3,stageE11,L11-3,ProdD,YSE001,s#U1-04,s#U2-04,SRCP-L11-I,SRCPSUB-L11-002,YCOC,VW,WCD33,MRCP-L11-.004,MEAN,147
2020-12-16 08:21:24,A21XX246,A21XX246.12,0.02122413704160686,0.0,0.3,0.25,-0.25,-0.3,stageE11,L11-3,ProdA,XSE001,s#U1-03,s#U2-02,SRCP-L11-J,SRCPSUB-L11-002,ZCOC,VW,WCD33,MRCP-L11-.003,MEAN,148
2020-12-16 09:19:11,A21XX532,A21XX532.05,0.09397630798485783,0.0,0.3,0.25,-0.25,-0.3,stageE11,L11-1,ProdA,YSE005,s#U1-03,s#U2-04,SRCP-L11-J,SRCPSUB-L11-002,ZCOC,VW,WCD33,MRCP-L11-.005,MEAN,149
2020-11-17 17:32:49,A21WW627,A21WW627.15,0.011120355614535608,0.0,0.3,0.25,-0.25,-0.3,stageE11,L11-3,ProdC,ZSE003,s#U1-03,s#U2-01,SRCP-L11-H,SRCPSUB-L11-001,YCOC,VW,XCD20,MRCP-L11-.003,MEAN,150
2020-11-18 19:27:45,A21YY636,A21YY636.10,0.017327028201897028,0.0,0.3,0.25,-0.25,-0.3,stageE11,L11-2,ProdC,XSE003,s#U1-03,s#U2-03,SRCP-L11-I,SRCPSUB-L11-001,YCOC,VW,XCD20,MRCP-L11-.003,MEAN,151
2020-11-19 04:23:22,A21XX190,A21XX190.07,0.23696407444430434,0.0,0.3,0.25,-0.25,-0.3,stageE11,L11-3,ProdB,ZSE001,s#U1-03,s#U2-01,SRCP-L11-J,SRCPSUB-L11-001,ZCOC,VW,XCD20,MRCP-L11-.005,MEAN,152
2020-11-19 05:51:17,A21WW692,A21WW692.23,0.11400259528060748,0.0,0.3,0.25,-0.25,-0.3,stageE11,L11-3,ProdD,XSE005,s#U1-02,s#U2-01,SRCP-L11-H,SRCPSUB-L11-001,ZCOC,VW,XCD20,MRCP-L11-.005,MEAN,153
2020-11-19 20:56:53,A21WW523,A21WW523.01,0.274128445493084,0.0,0.3,0.25,-0.25,-0.3,stageE11,L11-1,ProdD,YSE001,s#U1-04,s#U2-03,SRCP-L11-H,SRCPSUB-L11-001,ZCOB,VW,XCD20,MRCP-L11-.004,MEAN,154
2020-11-19 21:53:38,A21ZZ388,A21ZZ388.22,0.04344942327985232,0.0,0.3,0.25,-0.25,-0.3,stageE11,L11-3,ProdA,XSE005,s#U1-02,s#U2-03,SRCP-L11-H,SRCPSUB-L11-001,ZCOB,VW,XCD20,MRCP-L11-.003,MEAN,155
2020-11-20 04:57:01,A21ZZ717,A21ZZ717.10,0.15735306386882134,0.0,0.3,0.25,-0.25,-0.3,stageE11,L11-3,ProdD,ZSE003,s#U1-04,s#U2-02,SRCP-L11-J,SRCPSUB-L11-001,YCOB,VW,XCD20,MRCP-L11-.004,MEAN,156
2020-11-21 08:17:56,A21YY073,A21YY073.24,-0.16984235988867402,0.0,0.3,0.25,-0.25,-0.3,stageE11,L11-2,ProdA,YSE001,s#U1-04,s#U2-02,SRCP-L11-H,SRCPSUB-L11-001,YCOB,VW,XCD20,MRCP-L11-.004,MEAN,157
2020-11-21 10:16:51,A21WW928,A21WW928.09,-0.07639853832467325,0.0,0.3,0.25,-0.25,-0.3,stageE11,L11-3,ProdA,XSE003,s#U1-03,s#U2-01,SRCP-L11-I,SRCPSUB-L11-001,YCOB,VW,XCD20,MRCP-L11-.003,MEAN,158
2020-11-21 15:28:08,A21WW631,A21WW631.06,0.03469282131915898,0.0,0.3,0.25,-0.25,-0.3,stageE11,L11-1,ProdA,ZSE005,s#U1-04,s#U2-04,SRCP-L11-J,SRCPSUB-L11-001,ZCOB,VW,XCD20,MRCP-L11-.003,MEAN,159
2020-11-22 06:27:05,A21WW616,A21WW616.04,0.05498327361352208,0.0,0.3,0.25,-0.25,-0.3,stageE11,L11-2,ProdC,XSE005,s#U1-01,s#U2-02,SRCP-L11-J,SRCPSUB-L11-001,ZCOB,VW,XCD20,MRCP-L11-.003,MEAN,160
2020-11-23 12:22:34,A21WW223,A21WW223.09,0.09354707649029133,0.0,0.3,0.25,-0.25,-0.3,stageE11,L11-1,ProdB,YSE003,s#U1-02,s#U2-03,SRCP-L11-I,SRCPSUB-L11-001,YCOC,VW,XCD20,MRCP-L11-.005,MEAN,161
2020-11-24 10:40:04,A21WW184,A21WW184.20,0.04157941855990238,0.0,0.3,0.25,-0.25,-0.3,stageE11,L11-3,ProdA,YSE003,s#U1-04,s#U2-01,SRCP-L11-J,SRCPSUB-L11-001,ZCOB,VW,XCD20,MRCP-L11-.004,MEAN,162
2020-11-25 08:35:53,A21ZZ483,A21ZZ483.17,-0.12805696645135115,0.0,0.3,0.25,-0.25,-0.3,stageE11,L11-1,ProdB,YSE003,s#U1-04,s#U2-03,SRCP-L11-I,SRCPSUB-L11-001,ZCOB,VW,XCD20,MRCP-L11-.003,MEAN,163
2020-11-26 19:21:11,A21ZZ619,A21ZZ619.19,-0.004735687525668064,0.0,0.3,0.25,-0.25,-0.3,stageE11,L11-3,ProdD,XSE005,s#U1-01,s#U2-03,SRCP-L11-J,SRCPSUB-L11-001,ZCOC,VW,XCD20,MRCP-L11-.005,MEAN,164
2020-11-27 06:20:03,A21ZZ522,A21ZZ522.07,0.07735829258215132,0.0,0.3,0.25,-0.25,-0.3,stageE11,L11-1,ProdB,YSE005,s#U1-04,s#U2-03,SRCP-L11-J,SRCPSUB-L11-001,ZCOB,VW,XCD20,MRCP-L11-.003,MEAN,165
2020-11-27 07:03:29,A21WW876,A21WW876.17,-0.006210408860423656,0.0,0.3,0.25,-0.25,-0.3,stageE11,L11-1,ProdA,YSE001,s#U1-02,s#U2-01,SRCP-L11-H,SRCPSUB-L11-001,YCOB,VW,XCD20,MRCP-L11-.003,MEAN,166
2020-11-27 14:41:13,A21ZZ944,A21ZZ944.04,0.020308929060334654,0.0,0.3,0.25,-0.25,-0.3,stageE11,L11-1,ProdC,YSE001,s#U1-02,s#U2-01,SRCP-L11-H,SRCPSUB-L11-001,ZCOC,VW,XCD20,MRCP-L11-.003,MEAN,167
2020-11-27 18:21:12,A21ZZ244,A21ZZ244.08,0.12754692863164005,0.0,0.3,0.25,-0.25,-0.3,stageE11,L11-2,ProdC,XSE001,s#U1-01,s#U2-04,SRCP-L11-H,SRCPSUB-L11-001,YCOB,VW,XCD20,MRCP-L11-.005,MEAN,168
2020-11-27 18:26:46,A21WW740,A21WW740.07,0.012169170509213914,0.0,0.3,0.25,-0.25,-0.3,stageE11,L11-2,ProdD,YSE001,s#U1-04,s#U2-03,SRCP-L11-J,SRCPSUB-L11-001,ZCOB,VW,XCD20,MRCP-L11-.005,MEAN,169
2020-11-28 11:28:50,A21YY745,A21YY745.11,-0.08498072334758222,0.0,0.3,0.25,-0.25,-0.3,stageE11,L11-2,ProdC,ZSE001,s#U1-02,s#U2-04,SRCP-L11-J,SRCPSUB-L11-001,YCOC,VW,XCD20,MRCP-L11-.004,MEAN,170
2020-11-29 08:33:20,A21XX141,A21XX141.05,-0.016303851503372196,0.0,0.3,0.25,-0.25,-0.3,stageE11,L11-2,ProdD,XSE001,s#U1-04,s#U2-03,SRCP-L11-H,SRCPSUB-L11-001,ZCOC,VW,XCD20,MRCP-L11-.005,MEAN,171
2020-11-29 22:08:49,A21WW258,A21WW258.12,-0.011744443186753634,0.0,0.3,0.25,-0.25,-0.3,stageE11,L11-2,ProdC,XSE005,s#U1-01,s#U2-03,SRCP-L11-J,SRCPSUB-L11-001,ZCOB,VW,XCD20,MRCP-L11-.004,MEAN,172
2020-11-30 00:47:36,A21YY587,A21YY587.24,-0.04594705840068103,0.0,0.3,0.25,-0.25,-0.3,stageE11,L11-3,ProdC,YSE005,s#U1-04,s#U2-04,SRCP-L11-H,SRCPSUB-L11-001,YCOC,VW,XCD20,MRCP-L11-.005,MEAN,173
2020-11-30 00:52:36,A21ZZ397,A21ZZ397.03,-0.06708714653049028,0.0,0.3,0.25,-0.25,-0.3,stageE11,L11-1,ProdC,XSE003,s#U1-02,s#U2-02,SRCP-L11-J,SRCPSUB-L11-001,YCOB,VW,XCD20,MRCP-L11-.003,MEAN,174
2020-11-30 04:08:23,A21YY021,A21YY021.14,-0.05058306778870955,0.0,0.3,0.25,-0.25,-0.3,stageE11,L11-2,ProdC,YSE005,s#U1-04,s#U2-01,SRCP-L11-H,SRCPSUB-L11-001,YCOB,VW,XCD20,MRCP-L11-.004,MEAN,175
2020-11-30 18:25:19,A21ZZ522,A21ZZ522.06,0.11017197949142934,0.0,0.3,0.25,-0.25,-0.3,stageE11,L11-2,ProdB,YSE005,s#U1-02,s#U2-01,SRCP-L11-J,SRCPSUB-L11-001,YCOB,VW,XCD20,MRCP-L11-.004,MEAN,176
2020-11-30 23:23:09,A21ZZ549,A21ZZ549.07,0.1343312340208883,0.0,0.3,0.25,-0.25,-0.3,stageE11,L11-1,ProdB,ZSE001,s#U1-02,s#U2-03,SRCP-L11-H,SRCPSUB-L11-001,ZCOB,VW,XCD20,MRCP-L11-.004,MEAN,177
2020-12-01 21:16:59,A21ZZ789,A21ZZ789.08,0.00225698227123778,0.0,0.3,0.25,-0.25,-0.3,stageE11,L11-2,ProdB,ZSE005,s#U1-01,s#U2-03,SRCP-L11-J,SRCPSUB-L11-001,YCOC,VW,XCD20,MRCP-L11-.003,MEAN,178
2020-12-02 00:39:45,A21XX880,A21XX880.22,0.1260093305133518,0.0,0.3,0.25,-0.25,-0.3,stageE11,L11-2,ProdB,YSE005,s#U1-01,s#U2-03,SRCP-L11-H,SRCPSUB-L11-001,YCOB,VW,XCD20,MRCP-L11-.005,MEAN,179
2020-12-02 06:28:40,A21ZZ414,A21ZZ414.02,-0.06273634779379855,0.0,0.3,0.25,-0.25,-0.3,stageE11,L11-3,ProdB,YSE003,s#U1-04,s#U2-02,SRCP-L11-H,SRCPSUB-L11-001,ZCOB,VW,XCD20,MRCP-L11-.004,MEAN,180
2020-12-02 13:01:56,A21ZZ269,A21ZZ269.03,0.1038881983357307,0.0,0.3,0.25,-0.25,-0.3,stageE11,L11-1,ProdC,ZSE003,s#U1-02,s#U2-02,SRCP-L11-I,SRCPSUB-L11-001,ZCOB,VW,XCD20,MRCP-L11-.005,MEAN,181
2020-12-02 16:17:32,A21YY769,A21YY769.01,0.015489070330227032,0.0,0.3,0.25,-0.25,-0.3,stageE11,L11-3,ProdA,XSE001,s#U1-01,s#U2-02,SRCP-L11-I,SRCPSUB-L11-001,ZCOC,VW,XCD20,MRCP-L11-.004,MEAN,182
2020-12-02 19:21:12,A21WW539,A21WW539.13,0.028545696580350496,0.0,0.3,0.25,-0.25,-0.3,stageE11,L11-2,ProdD,YSE001,s#U1-02,s#U2-02,SRCP-L11-J,SRCPSUB-L11-001,YCOB,VW,XCD20,MRCP-L11-.004,MEAN,183
2020-12-02 23:39:56,A21ZZ865,A21ZZ865.03,0.010246127470639334,0.0,0.3,0.25,-0.25,-0.3,stageE11,L11-3,ProdB,XSE003,s#U1-01,s#U2-04,SRCP-L11-J,SRCPSUB-L11-001,ZCOC,VW,XCD20,MRCP-L11-.005,MEAN,184
2020-12-03 14:43:05,A21YY834,A21YY834.20,0.052586713512078935,0.0,0.3,0.25,-0.25,-0.3,stageE11,L11-3,ProdC,YSE001,s#U1-04,s#U2-01,SRCP-L11-H,SRCPSUB-L11-001,YCOC,VW,XCD20,MRCP-L11-.003,MEAN,185
2020-12-03 18:02:53,A21WW197,A21WW197.04,0.022283010946332282,0.0,0.3,0.25,-0.25,-0.3,stageE11,L11-1,ProdB,YSE001,s#U1-03,s#U2-03,SRCP-L11-I,SRCPSUB-L11-001,ZCOC,VW,XCD20,MRCP-L11-.003,MEAN,186
2020-12-03 21:58:22,A21WW071,A21WW071.05,0.023191876720214253,0.0,0.3,0.25,-0.25,-0.3,stageE11,L11-3,ProdD,YSE001,s#U1-03,s#U2-01,SRCP-L11-I,SRCPSUB-L11-001,YCOB,VW,XCD20,MRCP-L11-.005,MEAN,187
2020-12-04 18:42:18,A21XX917,A21XX917.08,0.09429716281257863,0.0,0.3,0.25,-0.25,-0.3,stageE11,L11-2,ProdA,YSE003,s#U1-04,s#U2-02,SRCP-L11-J,SRCPSUB-L11-001,YCOB,VW,XCD20,MRCP-L11-.005,MEAN,188
2020-12-05 01:44:26,A21WW471,A21WW471.04,-0.1498901583596597,0.0,0.3,0.25,-0.25,-0.3,stageE11,L11-1,ProdB,ZSE005,s#U1-03,s#U2-02,SRCP-L11-I,SRCPSUB-L11-001,YCOB,VW,XCD20,MRCP-L11-.003,MEAN,189
2020-12-05 19:27:16,A21YY776,A21YY776.09,-0.061089709009811026,0.0,0.3,0.25,-0.25,-0.3,stageE11,L11-1,ProdB,XSE003,s#U1-03,s#U2-04,SRCP-L11-H,SRCPSUB-L11-001,ZCOB,VW,XCD20,MRCP-L11-.003,MEAN,190
2020-12-05 22:19:46,A21WW932,A21WW932.24,0.11694054859948895,0.0,0.3,0.25,-0.25,-0.3,stageE11,L11-3,ProdA,ZSE005,s#U1-04,s#U2-02,SRCP-L11-I,SRCPSUB-L11-001,YCOB,VW,XCD20,MRCP-L11-.004,MEAN,191
2020-12-06 02:54:02,A21ZZ443,A21ZZ443.15,0.17312480969839197,0.0,0.3,0.25,-0.25,-0.3,stageE11,L11-2,ProdB,ZSE005,s#U1-03,s#U2-03,SRCP-L11-J,SRCPSUB-L11-001,YCOC,VW,XCD20,MRCP-L11-.003,MEAN,192
2020-12-06 03:15:25,A21WW355,A21WW355.17,0.057276182541951416,0.0,0.3,0.25,-0.25,-0.3,stageE11,L11-3,ProdD,XSE005,s#U1-04,s#U2-02,SRCP-L11-J,SRCPSUB-L11-001,YCOB,VW,XCD20,MRCP-L11-.005,MEAN,193
2020-12-06 09:02:49,A21YY285,A21YY285.18,-0.03635873597840771,0.0,0.3,0.25,-0.25,-0.3,stageE11,L11-2,ProdC,XSE005,s#U1-04,s#U2-04,SRCP-L11-H,SRCPSUB-L11-001,YCOB,VW,XCD20,MRCP-L11-.004,MEAN,194
2020-12-07 11:36:33,A21XX583,A21XX583.10,0.04637122470352011,0.0,0.3,0.25,-0.25,-0.3,stageE11,L11-2,ProdB,ZSE003,s#U1-03,s#U2-04,SRCP-L11-J,SRCPSUB-L11-001,ZCOB,VW,XCD20,MRCP-L11-.004,MEAN,195
2020-12-07 18:04:48,A21XX127,A21XX127.16,-0.16103772424829305,0.0,0.3,0.25,-0.25,-0.3,stageE11,L11-2,ProdD,YSE003,s#U1-04,s#U2-04,SRCP-L11-J,SRCPSUB-L11-001,ZCOB,VW,XCD20,MRCP-L11-.003,MEAN,196
2020-12-07 19:57:16,A21WW069,A21WW069.10,0.024288360630492663,0.0,0.3,0.25,-0.25,-0.3,stageE11,L11-1,ProdC,YSE001,s#U1-01,s#U2-01,SRCP-L11-J,SRCPSUB-L11-001,ZCOB,VW,XCD20,MRCP-L11-.005,MEAN,197
2020-12-08 12:34:55,A21ZZ558,A21ZZ558.16,0.13784933111036682,0.0,0.3,0.25,-0.25,-0.3,stageE11,L11-3,ProdD,XSE003,s#U1-03,s#U2-04,SRCP-L11-H,SRCPSUB-L11-001,ZCOC,VW,XCD20,MRCP-L11-.005,MEAN,198
2020-12-09 13:41:32,A21YY690,A21YY690.12,-0.05471075109547068,0.0,0.3,0.25,-0.25,-0.3,stageE11,L11-1,ProdD,XSE003,s#U1-03,s#U2-04,SRCP-L11-H,SRCPSUB-L11-001,YCOC,VW,XCD20,MRCP-L11-.004,MEAN,199
2020-12-10 07:38:54,A21WW092,A21WW092.22,-0.015077669300694983,0.0,0.3,0.25,-0.25,-0.3,stageE11,L11-1,ProdB,XSE003,s#U1-01,s#U2-02,SRCP-L11-H,SRCPSUB-L11-001,YCOB,VW,XCD20,MRCP-L11-.005,MEAN,200
2020-12-10 12:30:06,A21ZZ051,A21ZZ051.15,-0.08343620011832598,0.0,0.3,0.25,-0.25,-0.3,stageE11,L11-3,ProdC,YSE001,s#U1-04,s#U2-03,SRCP-L11-I,SRCPSUB-L11-001,YCOC,VW,XCD20,MRCP-L11-.005,MEAN,201
2020-12-10 15:03:38,A21ZZ732,A21ZZ732.19,0.040929165398063516,0.0,0.3,0.25,-0.25,-0.3,stageE11,L11-1,ProdD,ZSE003,s#U1-04,s#U2-02,SRCP-L11-H,SRCPSUB-L11-001,ZCOC,VW,XCD20,MRCP-L11-.005,MEAN,202
2020-12-11 10:59:15,A21XX407,A21XX407.21,0.03982267667256045,0.0,0.3,0.25,-0.25,-0.3,stageE11,L11-2,ProdD,XSE005,s#U1-03,s#U2-04,SRCP-L11-H,SRCPSUB-L11-002,ZCOB,VW,XCD20,MRCP-L11-.003,MEAN,203
2020-12-11 17:08:06,A21WW712,A21WW712.09,-0.18563244960081715,0.0,0.3,0.25,-0.25,-0.3,stageE11,L11-1,ProdA,ZSE001,s#U1-03,s#U2-02,SRCP-L11-J,SRCPSUB-L11-002,ZCOB,VW,XCD20,MRCP-L11-.005,MEAN,204
2020-12-12 00:34:00,A21ZZ585,A21ZZ585.10,0.15119936074595075,0.0,0.3,0.25,-0.25,-0.3,stageE11,L11-2,ProdD,XSE005,s#U1-02,s#U2-01,SRCP-L11-H,SRCPSUB-L11-002,ZCOB,VW,XCD20,MRCP-L11-.005,MEAN,205
2020-12-12 10:11:56,A21ZZ837,A21ZZ837.09,-0.024973463120716053,0.0,0.3,0.25,-0.25,-0.3,stageE11,L11-3,ProdD,XSE001,s#U1-03,s#U2-01,SRCP-L11-I,SRCPSUB-L11-002,ZCOB,VW,XCD20,MRCP-L11-.003,MEAN,206
2020-12-13 03:35:59,A21WW316,A21WW316.22,-0.1733680346915527,0.0,0.3,0.25,-0.25,-0.3,stageE11,L11-2,ProdD,XSE003,s#U1-03,s#U2-03,SRCP-L11-I,SRCPSUB-L11-002,YCOB,VW,XCD20,MRCP-L11-.003,MEAN,207
2020-12-13 13:24:46,A21YY396,A21YY396.15,0.0024795052875312726,0.0,0.3,0.25,-0.25,-0.3,stageE11,L11-1,ProdC,XSE001,s#U1-03,s#U2-01,SRCP-L11-J,SRCPSUB-L11-002,ZCOC,VW,XCD20,MRCP-L11-.003,MEAN,208
2020-12-14 05:26:12,A21XX465,A21XX465.20,0.021233452940243803,0.0,0.3,0.25,-0.25,-0.3,stageE11,L11-2,ProdA,ZSE001,s#U1-01,s#U2-02,SRCP-L11-I,SRCPSUB-L11-002,YCOC,VW,XCD20,MRCP-L11-.004,MEAN,209
2020-12-14 09:51:32,A21WW748,A21WW748.09,0.05516719189994449,0.0,0.3,0.25,-0.25,-0.3,stageE11,L11-2,ProdC,ZSE001,s#U1-04,s#U2-02,SRCP-L11-J,SRCPSUB-L11-002,ZCOC,VW,XCD20,MRCP-L11-.003,MEAN,210
2020-12-14 18:26:18,A21WW565,A21WW565.11,0.04619504992315667,0.0,0.3,0.25,-0.25,-0.3,stageE11,L11-3,ProdA,ZSE001,s#U1-03,s#U2-01,SRCP-L11-H,SRCPSUB-L11-002,YCOC,VW,XCD20,MRCP-L11-.004,MEAN,211
2020-12-14 23:43:12,A21YY579,A21YY579.06,-0.030277501323535728,0.0,0.3,0.25,-0.25,-0.3,stageE11,L11-3,ProdB,XSE001,s#U1-01,s#U2-04,SRCP-L11-H,SRCPSUB-L11-002,ZCOB,VW,XCD20,MRCP-L11-.005,MEAN,212
2020-12-15 04:47:03,A21ZZ480,A21ZZ480.02,0.09394262585762164,0.0,0.3,0.25,-0.25,-0.3,stageE11,L11-2,ProdD,XSE003,s#U1-02,s#U2-03,SRCP-L11-I,SRCPSUB-L11-002,ZCOB,VW,XCD20,MRCP-L11-.004,MEAN,213
2020-12-15 07:15:02,A21ZZ101,A21ZZ101.19,-0.1958701216151939,0.0,0.3,0.25,-0.25,-0.3,stageE11,L11-3,ProdA,XSE001,s#U1-04,s#U2-02,SRCP-L11-H,SRCPSUB-L11-002,YCOB,VW,XCD20,MRCP-L11-.004,MEAN,214
2020-12-15 09:50:08,A21WW337,A21WW337.01,0.010046567794245606,0.0,0.3,0.25,-0.25,-0.3,stageE11,L11-1,ProdD,XSE003,s#U1-03,s#U2-04,SRCP-L11-H,SRCPSUB-L11-002,YCOB,VW,XCD20,MRCP-L11-.005,MEAN,215
2020-12-16 09:36:42,A21XX687,A21XX687.15,0.06663768799397336,0.0,0.3,0.25,-0.25,-0.3,stageE11,L11-3,ProdC,YSE003,s#U1-03,s#U2-04,SRCP-L11-I,SRCPSUB-L11-002,YCOB,VW,XCD20,MRCP-L11-.003,MEAN,216
2020-12-16 20:39:58,A21ZZ015,A21ZZ015.18,-0.02406753870479395,0.0,0.3,0.25,-0.25,-0.3,stageE11,L11-3,ProdC,YSE001,s#U1-02,s#U2-03,SRCP-L11-H,SRCPSUB-L11-002,ZCOC,VW,XCD20,MRCP-L11-.004,MEAN,217
2020-11-17 08:49:03,A21YY688,A21YY688.08,0.15359033171701422,0.0,0.3,0.25,-0.25,-0.3,stageE11,L11-3,ProdD,XSE001,s#U1-04,s#U2-03,SRCP-L11-I,SRCPSUB-L11-001,ZCOB,VW,XCD33,MRCP-L11-.003,MEAN,218
2020-11-17 17:51:16,A21ZZ796,A21ZZ796.15,0.08438347567159571,0.0,0.3,0.25,-0.25,-0.3,stageE11,L11-1,ProdD,XSE005,s#U1-01,s#U2-01,SRCP-L11-H,SRCPSUB-L11-001,ZCOC,VW,XCD33,MRCP-L11-.004,MEAN,219
2020-11-17 21:07:11,A21ZZ024,A21ZZ024.02,-0.12241908828275563,0.0,0.3,0.25,-0.25,-0.3,stageE11,L11-3,ProdB,XSE003,s#U1-01,s#U2-01,SRCP-L11-J,SRCPSUB-L11-001,YCOC,VW,XCD33,MRCP-L11-.003,MEAN,220
2020-11-18 00:10:57,A21YY418,A21YY418.10,0.24169477446601775,0.0,0.3,0.25,-0.25,-0.3,stageE11,L11-2,ProdB,YSE003,s#U1-03,s#U2-02,SRCP-L11-J,SRCPSUB-L11-001,ZCOB,VW,XCD33,MRCP-L11-.003,MEAN,221
2020-11-18 23:56:18,A21WW465,A21WW465.10,0.0018747547733957673,0.0,0.3,0.25,-0.25,-0.3,stageE11,L11-2,ProdC,ZSE001,s#U1-03,s#U2-01,SRCP-L11-J,SRCPSUB-L11-001,ZCOC,VW,XCD33,MRCP-L11-.004,MEAN,222
2020-11-19 17:23:26,A21ZZ887,A21ZZ887.15,0.06078811047610483,0.0,0.3,0.25,-0.25,-0.3,stageE11,L11-2,ProdA,ZSE005,s#U1-04,s#U2-02,SRCP-L11-J,SRCPSUB-L11-001,YCOB,VW,XCD33,MRCP-L11-.003,MEAN,223
2020-11-19 18:41:39,A21YY375,A21YY375.06,-0.019531731906521445,0.0,0.3,0.25,-0.25,-0.3,stageE11,L11-3,ProdC,YSE001,s#U1-02,s#U2-02,SRCP-L11-H,SRCPSUB-L11-001,ZCOC,VW,XCD33,MRCP-L11-.003,MEAN,224
2020-11-21 00:31:21,A21YY041,A21YY041.19,-0.014144422410662728,0.0,0.3,0.25,-0.25,-0.3,stageE11,L11-1,ProdB,ZSE005,s#U1-04,s#U2-01,SRCP-L11-H,SRCPSUB-L11-001,YCOB,VW,XCD33,MRCP-L11-.003,MEAN,225
2020-11-21 09:23:06,A21ZZ231,A21ZZ231.09,-0.011970326683541017,0.0,0.3,0.25,-0.25,-0.3,stageE11,L11-2,ProdC,ZSE005,s#U1-04,s#U2-02,SRCP-L11-J,SRCPSUB-L11-001,YCOB,VW,XCD33,MRCP-L11-.003,MEAN,226
2020-11-22 13:49:07,A21YY400,A21YY400.15,0.04680514524868175,0.0,0.3,0.25,-0.25,-0.3,stageE11,L11-1,ProdD,ZSE003,s#U1-04,s#U2-04,SRCP-L11-I,SRCPSUB-L11-001,ZCOC,VW,XCD33,MRCP-L11-.003,MEAN,227
2020-11-22 17:07:10,A21ZZ111,A21ZZ111.16,-0.07423452325915614,0.0,0.3,0.25,-0.25,-0.3,stageE11,L11-1,ProdC,YSE005,s#U1-02,s#U2-04,SRCP-L11-J,SRCPSUB-L11-001,YCOC,VW,XCD33,MRCP-L11-.005,MEAN,228
2020-11-22 17:12:10,A21XX309,A21XX309.22,0.09188600085572118,0.0,0.3,0.25,-0.25,-0.3,stageE11,L11-2,ProdA,ZSE005,s#U1-01,s#U2-04,SRCP-L11-H,SRCPSUB-L11-001,ZCOB,VW,XCD33,MRCP-L11-.005,MEAN,229
2020-11-23 03:59:38,A21WW214,A21WW214.08,-0.07734081151854516,0.0,0.3,0.25,-0.25,-0.3,stageE11,L11-2,ProdC,XSE005,s#U1-01,s#U2-01,SRCP-L11-H,SRCPSUB-L11-001,YCOC,VW,XCD33,MRCP-L11-.005,MEAN,230
2020-11-23 12:59:12,A21XX880,A21XX880.06,-0.08270189119463542,0.0,0.3,0.25,-0.25,-0.3,stageE11,L11-2,ProdC,YSE001,s#U1-01,s#U2-04,SRCP-L11-H,SRCPSUB-L11-001,YCOC,VW,XCD33,MRCP-L11-.005,MEAN,231
2020-11-23 16:32:03,A21YY525,A21YY525.12,-0.12094492090787122,0.0,0.3,0.25,-0.25,-0.3,stageE11,L11-1,ProdC,YSE005,s#U1-02,s#U2-03,SRCP-L11-J,SRCPSUB-L11-001,ZCOC,VW,XCD33,MRCP-L11-.005,MEAN,232
2020-11-23 17:23:41,A21XX283,A21XX283.06,-0.08628690863734834,0.0,0.3,0.25,-0.25,-0.3,stageE11,L11-1,ProdC,XSE005,s#U1-04,s#U2-01,SRCP-L11-I,SRCPSUB-L11-001,YCOC,VW,XCD33,MRCP-L11-.003,MEAN,233
2020-11-24 01:19:38,A21ZZ710,A21ZZ710.16,0.1731729644801997,0.0,0.3,0.25,-0.25,-0.3,stageE11,L11-3,ProdD,ZSE001,s#U1-02,s#U2-02,SRCP-L11-I,SRCPSUB-L11-001,ZCOB,VW,XCD33,MRCP-L11-.004,MEAN,234
2020-11-24 09:15:41,A21WW949,A21WW949.06,0.1822281131936456,0.0,0.3,0.25,-0.25,-0.3,stageE11,L11-2,ProdD,YSE005,s#U1-04,s#U2-04,SRCP-L11-J,SRCPSUB-L11-001,ZCOC,VW,XCD33,MRCP-L11-.005,MEAN,235
2020-11-24 11:45:03,A21YY422,A21YY422.21,0.12650118694193954,0.0,0.3,0.25,-0.25,-0.3,stageE11,L11-1,ProdA,YSE005,s#U1-01,s#U2-03,SRCP-L11-H,SRCPSUB-L11-001,YCOC,VW,XCD33,MRCP-L11-.005,MEAN,236
2020-11-24 21:25:43,A21ZZ789,A21ZZ789.17,-0.08044790440263709,0.0,0.3,0.25,-0.25,-0.3,stageE11,L11-2,ProdC,XSE005,s#U1-02,s#U2-04,SRCP-L11-J,SRCPSUB-L11-001,YCOB,VW,XCD33,MRCP-L11-.005,MEAN,237
2020-11-25 07:57:38,A21YY150,A21YY150.05,0.08938825898951082,0.0,0.3,0.25,-0.25,-0.3,stageE11,L11-1,ProdA,YSE001,s#U1-01,s#U2-02,SRCP-L11-I,SRCPSUB-L11-001,ZCOC,VW,XCD33,MRCP-L11-.004,MEAN,238
2020-11-25 17:36:24,A21XX283,A21XX283.03,0.17813501159998757,0.0,0.3,0.25,-0.25,-0.3,stageE11,L11-2,ProdB,ZSE003,s#U1-02,s#U2-04,SRCP-L11-I,SRCPSUB-L11-001,YCOC,VW,XCD33,MRCP-L11-.005,MEAN,239
2020-11-25 19:59:13,A21YY486,A21YY486.02,0.19889581360735886,0.0,0.3,0.25,-0.25,-0.3,stageE11,L11-1,ProdC,XSE001,s#U1-03,s#U2-04,SRCP-L11-J,SRCPSUB-L11-001,YCOC,VW,XCD33,MRCP-L11-.004,MEAN,240
2020-11-26 15:13:24,A21ZZ327,A21ZZ327.16,0.1665087324860553,0.0,0.3,0.25,-0.25,-0.3,stageE11,L11-2,ProdC,XSE001,s#U1-03,s#U2-02,SRCP-L11-H,SRCPSUB-L11-001,ZCOB,VW,XCD33,MRCP-L11-.005,MEAN,241
2020-11-26 18:19:25,A21XX702,A21XX702.23,0.015429443436262638,0.0,0.3,0.25,-0.25,-0.3,stageE11,L11-3,ProdD,XSE003,s#U1-01,s#U2-02,SRCP-L11-H,SRCPSUB-L11-001,ZCOB,VW,XCD33,MRCP-L11-.004,MEAN,242
2020-11-27 05:38:57,A21WW008,A21WW008.17,-0.18520495020526104,0.0,0.3,0.25,-0.25,-0.3,stageE11,L11-1,ProdB,YSE005,s#U1-03,s#U2-01,SRCP-L11-H,SRCPSUB-L11-001,YCOC,VW,XCD33,MRCP-L11-.005,MEAN,243
2020-11-27 06:31:16,A21YY327,A21YY327.14,-0.005248207008751346,0.0,0.3,0.25,-0.25,-0.3,stageE11,L11-3,ProdC,YSE001,s#U1-03,s#U2-01,SRCP-L11-H,SRCPSUB-L11-001,YCOB,VW,XCD33,MRCP-L11-.005,MEAN,244
2020-11-27 13:08:54,A21WW750,A21WW750.13,0.03908796195227465,0.0,0.3,0.25,-0.25,-0.3,stageE11,L11-2,ProdA,XSE001,s#U1-02,s#U2-04,SRCP-L11-I,SRCPSUB-L11-001,ZCOB,VW,XCD33,MRCP-L11-.004,MEAN,245
2020-11-27 15:50:27,A21YY078,A21YY078.05,0.042587597480264465,0.0,0.3,0.25,-0.25,-0.3,stageE11,L11-2,ProdC,XSE005,s#U1-01,s#U2-01,SRCP-L11-J,SRCPSUB-L11-001,ZCOB,VW,XCD33,MRCP-L11-.003,MEAN,246
2020-11-28 09:07:57,A21XX910,A21XX910.08,-0.0018113588475008428,0.0,0.3,0.25,-0.25,-0.3,stageE11,L11-1,ProdB,YSE001,s#U1-03,s#U2-03,SRCP-L11-I,SRCPSUB-L11-001,YCOB,VW,XCD33,MRCP-L11-.003,MEAN,247
2020-11-28 11:34:05,A21WW146,A21WW146.21,0.1355861177226969,0.0,0.3,0.25,-0.25,-0.3,stageE11,L11-1,ProdA,YSE005,s#U1-01,s#U2-02,SRCP-L11-I,SRCPSUB-L11-001,YCOB,VW,XCD33,MRCP-L11-.004,MEAN,248
2020-11-29 23:12:12,A21XX366,A21XX366.05,0.12286098486974516,0.0,0.3,0.25,-0.25,-0.3,stageE11,L11-1,ProdC,XSE001,s#U1-04,s#U2-04,SRCP-L11-I,SRCPSUB-L11-001,ZCOC,VW,XCD33,MRCP-L11-.003,MEAN,249
2020-11-30 02:03:41,A21WW815,A21WW815.21,0.04559837361331566,0.0,0.3,0.25,-0.25,-0.3,stageE11,L11-1,ProdA,ZSE005,s#U1-03,s#U2-03,SRCP-L11-H,SRCPSUB-L11-001,ZCOC,VW,XCD33,MRCP-L11-.004,MEAN,250
2020-11-30 10:46:47,A21ZZ990,A21ZZ990.08,0.18576411270312512,0.0,0.3,0.25,-0.25,-0.3,stageE11,L11-2,ProdC,ZSE005,s#U1-02,s#U2-03,SRCP-L11-H,SRCPSUB-L11-001,YCOB,VW,XCD33,MRCP-L11-.004,MEAN,251
2020-12-01 01:14:57,A21WW599,A21WW599.09,-0.11914628123090326,0.0,0.3,0.25,-0.25,-0.3,stageE11,L11-2,ProdA,ZSE003,s#U1-04,s#U2-03,SRCP-L11-J,SRCPSUB-L11-001,ZCOB,VW,XCD33,MRCP-L11-.003,MEAN,252
2020-12-01 02:18:59,A21ZZ624,A21ZZ624.23,0.09508994330042703,0.0,0.3,0.25,-0.25,-0.3,stageE11,L11-3,ProdD,YSE003,s#U1-04,s#U2-04,SRCP-L11-J,SRCPSUB-L11-001,YCOC,VW,XCD33,MRCP-L11-.004,MEAN,253
2020-12-02 08:14:28,A21XX430,A21XX430.16,-0.013183303732151493,0.0,0.3,0.25,-0.25,-0.3,stageE11,L11-1,ProdD,ZSE003,s#U1-01,s#U2-04,SRCP-L11-J,SRCPSUB-L11-001,ZCOB,VW,XCD33,MRCP-L11-.005,MEAN,254
2020-12-02 10:31:12,A21YY284,A21YY284.06,-0.09857612344091493,0.0,0.3,0.25,-0.25,-0.3,stageE11,L11-1,ProdC,YSE005,s#U1-02,s#U2-03,SRCP-L11-J,SRCPSUB-L11-001,ZCOC,VW,XCD33,MRCP-L11-.003,MEAN,255
2020-12-02 11:59:35,A21WW020,A21WW020.03,0.14546962311911238,0.0,0.3,0.25,-0.25,-0.3,stageE11,L11-2,ProdB,YSE005,s#U1-02,s#U2-04,SRCP-L11-I,SRCPSUB-L11-001,YCOC,VW,XCD33,MRCP-L11-.005,MEAN,256
2020-12-02 23:11:22,A21ZZ486,A21ZZ486.01,-0.08148929495366825,0.0,0.3,0.25,-0.25,-0.3,stageE11,L11-3,ProdC,XSE001,s#U1-02,s#U2-01,SRCP-L11-J,SRCPSUB-L11-001,ZCOC,VW,XCD33,MRCP-L11-.005,MEAN,257
2020-12-03 10:41:06,A21ZZ933,A21ZZ933.04,0.03498823755423302,0.0,0.3,0.25,-0.25,-0.3,stageE11,L11-3,ProdC,XSE003,s#U1-04,s#U2-02,SRCP-L11-I,SRCPSUB-L11-001,YCOB,VW,XCD33,MRCP-L11-.005,MEAN,258
2020-12-03 18:06:42,A21WW959,A21WW959.14,-0.11111472761066693,0.0,0.3,0.25,-0.25,-0.3,stageE11,L11-3,ProdA,ZSE005,s#U1-01,s#U2-02,SRCP-L11-J,SRCPSUB-L11-001,ZCOC,VW,XCD33,MRCP-L11-.005,MEAN,259
2020-12-03 18:39:12,A21XX795,A21XX795.04,0.019111869923288796,0.0,0.3,0.25,-0.25,-0.3,stageE11,L11-2,ProdB,ZSE003,s#U1-04,s#U2-02,SRCP-L11-H,SRCPSUB-L11-001,ZCOC,VW,XCD33,MRCP-L11-.004,MEAN,260
2020-12-04 08:49:47,A21WW686,A21WW686.12,-0.04196818303622765,0.0,0.3,0.25,-0.25,-0.3,stageE11,L11-3,ProdA,YSE005,s#U1-03,s#U2-04,SRCP-L11-I,SRCPSUB-L11-001,YCOC,VW,XCD33,MRCP-L11-.005,MEAN,261
2020-12-04 08:57:13,A21YY064,A21YY064.06,-0.021797526463122247,0.0,0.3,0.25,-0.25,-0.3,stageE11,L11-3,ProdB,YSE005,s#U1-01,s#U2-02,SRCP-L11-J,SRCPSUB-L11-001,ZCOC,VW,XCD33,MRCP-L11-.003,MEAN,262
2020-12-04 11:15:39,A21WW057,A21WW057.21,0.0016748926615290532,0.0,0.3,0.25,-0.25,-0.3,stageE11,L11-3,ProdD,YSE003,s#U1-02,s#U2-01,SRCP-L11-H,SRCPSUB-L11-001,YCOB,VW,XCD33,MRCP-L11-.005,MEAN,263
2020-12-05 11:08:21,A21XX762,A21XX762.07,-0.12629080049818087,0.0,0.3,0.25,-0.25,-0.3,stageE11,L11-2,ProdD,ZSE003,s#U1-02,s#U2-04,SRCP-L11-J,SRCPSUB-L11-001,ZCOC,VW,XCD33,MRCP-L11-.005,MEAN,264
2020-12-05 13:58:33,A21XX057,A21XX057.16,-0.1916633455099001,0.0,0.3,0.25,-0.25,-0.3,stageE11,L11-1,ProdD,XSE001,s#U1-01,s#U2-04,SRCP-L11-J,SRCPSUB-L11-001,ZCOC,VW,XCD33,MRCP-L11-.005,MEAN,265
2020-12-06 11:21:06,A21XX680,A21XX680.21,-0.0700127886626085,0.0,0.3,0.25,-0.25,-0.3,stageE11,L11-2,ProdD,ZSE005,s#U1-01,s#U2-01,SRCP-L11-H,SRCPSUB-L11-001,ZCOC,VW,XCD33,MRCP-L11-.005,MEAN,266
2020-12-06 15:04:12,A21XX057,A21XX057.12,0.10024463764716832,0.0,0.3,0.25,-0.25,-0.3,stageE11,L11-2,ProdC,XSE005,s#U1-01,s#U2-04,SRCP-L11-H,SRCPSUB-L11-001,YCOB,VW,XCD33,MRCP-L11-.004,MEAN,267
2020-12-07 00:22:54,A21YY432,A21YY432.02,-0.15006650978752645,0.0,0.3,0.25,-0.25,-0.3,stageE11,L11-2,ProdB,XSE005,s#U1-04,s#U2-02,SRCP-L11-I,SRCPSUB-L11-001,YCOC,VW,XCD33,MRCP-L11-.004,MEAN,268
2020-12-07 02:59:55,A21WW144,A21WW144.13,0.11609482628333874,0.0,0.3,0.25,-0.25,-0.3,stageE11,L11-2,ProdC,YSE005,s#U1-02,s#U2-03,SRCP-L11-H,SRCPSUB-L11-001,ZCOB,VW,XCD33,MRCP-L11-.003,MEAN,269
2020-12-07 16:16:22,A21WW501,A21WW501.12,0.010247131773029858,0.0,0.3,0.25,-0.25,-0.3,stageE11,L11-1,ProdA,XSE003,s#U1-01,s#U2-01,SRCP-L11-J,SRCPSUB-L11-001,YCOB,VW,XCD33,MRCP-L11-.003,MEAN,270
2020-12-07 21:25:44,A21XX532,A21XX532.08,0.05430887398804504,0.0,0.3,0.25,-0.25,-0.3,stageE11,L11-1,ProdC,XSE003,s#U1-02,s#U2-02,SRCP-L11-I,SRCPSUB-L11-001,YCOB,VW,XCD33,MRCP-L11-.003,MEAN,271
2020-12-08 12:51:24,A21XX953,A21XX953.10,-0.00810405890117767,0.0,0.3,0.25,-0.25,-0.3,stageE11,L11-2,ProdC,ZSE003,s#U1-03,s#U2-04,SRCP-L11-J,SRCPSUB-L11-001,YCOC,VW,XCD33,MRCP-L11-.004,MEAN,272
2020-12-08 21:37:48,A21XX207,A21XX207.10,0.05054813468981463,0.0,0.3,0.25,-0.25,-0.3,stageE11,L11-2,ProdD,XSE005,s#U1-01,s#U2-02,SRCP-L11-J,SRCPSUB-L11-001,ZCOC,VW,XCD33,MRCP-L11-.005,MEAN,273
2020-12-09 02:38:11,A21YY720,A21YY720.23,0.02716676464066301,0.0,0.3,0.25,-0.25,-0.3,stageE11,L11-1,ProdA,YSE001,s#U1-03,s#U2-02,SRCP-L11-J,SRCPSUB-L11-001,ZCOC,VW,XCD33,MRCP-L11-.003,MEAN,274
2020-12-09 09:17:32,A21WW746,A21WW746.15,0.10187853350145602,0.0,0.3,0.25,-0.25,-0.3,stageE11,L11-3,ProdC,XSE005,s#U1-02,s#U2-03,SRCP-L11-I,SRCPSUB-L11-001,YCOC,VW,XCD33,MRCP-L11-.005,MEAN,275
2020-12-09 10:55:06,A21WW237,A21WW237.08,0.025272408445521966,0.0,0.3,0.25,-0.25,-0.3,stageE11,L11-3,ProdA,XSE001,s#U1-03,s#U2-04,SRCP-L11-I,SRCPSUB-L11-001,ZCOB,VW,XCD33,MRCP-L11-.005,MEAN,276
2020-12-09 22:44:18,A21YY534,A21YY534.17,0.00846331690996111,0.0,0.3,0.25,-0.25,-0.3,stageE11,L11-1,ProdA,YSE001,s#U1-03,s#U2-01,SRCP-L11-J,SRCPSUB-L11-001,ZCOC,VW,XCD33,MRCP-L11-.003,MEAN,277
2020-12-09 23:36:14,A21WW147,A21WW147.17,-0.11987712592354283,0.0,0.3,0.25,-0.25,-0.3,stageE11,L11-3,ProdC,ZSE001,s#U1-04,s#U2-02,SRCP-L11-I,SRCPSUB-L11-001,YCOB,VW,XCD33,MRCP-L11-.004,MEAN,278
2020-12-09 23:42:56,A21WW609,A21WW609.21,0.13492581923813998,0.0,0.3,0.25,-0.25,-0.3,stageE11,L11-1,ProdA,XSE005,s#U1-02,s#U2-03,SRCP-L11-J,SRCPSUB-L11-001,YCOB,VW,XCD33,MRCP-L11-.004,MEAN,279
2020-12-10 07:58:29,A21ZZ256,A21ZZ256.17,0.061748483917783516,0.0,0.3,0.25,-0.25,-0.3,stageE11,L11-2,ProdB,YSE003,s#U1-01,s#U2-03,SRCP-L11-J,SRCPSUB-L11-001,ZCOB,VW,XCD33,MRCP-L11-.004,MEAN,280
2020-12-10 09:35:18,A21ZZ171,A21ZZ171.15,-0.06427585512673983,0.0,0.3,0.25,-0.25,-0.3,stageE11,L11-2,ProdB,YSE001,s#U1-03,s#U2-02,SRCP-L11-H,SRCPSUB-L11-001,ZCOB,VW,XCD33,MRCP-L11-.003,MEAN,281
2020-12-10 17:01:15,A21XX815,A21XX815.20,0.21355159262158427,0.0,0.3,0.25,-0.25,-0.3,stageE11,L11-3,ProdC,XSE001,s#U1-04,s#U2-04,SRCP-L11-J,SRCPSUB-L11-001,YCOB,VW,XCD33,MRCP-L11-.003,MEAN,282
2020-12-10 17:17:08,A21XX677,A21XX677.11,0.006432219466192605,0.0,0.3,0.25,-0.25,-0.3,stageE11,L11-3,ProdD,YSE003,s#U1-01,s#U2-02,SRCP-L11-I,SRCPSUB-L11-001,ZCOB,VW,XCD33,MRCP-L11-.003,MEAN,283
2020-12-10 20:00:48,A21YY104,A21YY104.16,0.3049642032591131,0.0,0.3,0.25,-0.25,-0.3,stageE11,L11-1,ProdC,ZSE005,s#U1-03,s#U2-03,SRCP-L11-J,SRCPSUB-L11-001,YCOB,VW,XCD33,MRCP-L11-.003,MEAN,284
2020-12-10 23:41:00,A21YY420,A21YY420.13,0.19472167952618014,0.0,0.3,0.25,-0.25,-0.3,stageE11,L11-1,ProdD,ZSE001,s#U1-02,s#U2-01,SRCP-L11-J,SRCPSUB-L11-001,ZCOC,VW,XCD33,MRCP-L11-.005,MEAN,285
2020-12-11 11:24:54,A21ZZ997,A21ZZ997.17,-0.06962780938163018,0.0,0.3,0.25,-0.25,-0.3,stageE11,L11-3,ProdA,XSE003,s#U1-04,s#U2-03,SRCP-L11-H,SRCPSUB-L11-002,ZCOC,VW,XCD33,MRCP-L11-.004,MEAN,286
2020-12-11 17:26:26,A21XX794,A21XX794.08,0.18114583357511993,0.0,0.3,0.25,-0.25,-0.3,stageE11,L11-2,ProdD,ZSE005,s#U1-03,s#U2-01,SRCP-L11-H,SRCPSUB-L11-002,ZCOC,VW,XCD33,MRCP-L11-.003,MEAN,287
2020-12-11 23:59:01,A21XX115,A21XX115.19,0.09507031430573537,0.0,0.3,0.25,-0.25,-0.3,stageE11,L11-1,ProdB,ZSE005,s#U1-02,s#U2-01,SRCP-L11-I,SRCPSUB-L11-002,YCOB,VW,XCD33,MRCP-L11-.004,MEAN,288
2020-12-13 08:58:33,A21XX279,A21XX279.02,0.018645034933076673,0.0,0.3,0.25,-0.25,-0.3,stageE11,L11-3,ProdA,ZSE003,s#U1-03,s#U2-02,SRCP-L11-J,SRCPSUB-L11-002,ZCOC,VW,XCD33,MRCP-L11-.003,MEAN,289
2020-12-13 11:31:25,A21YY931,A21YY931.19,0.05353499192859432,0.0,0.3,0.25,-0.25,-0.3,stageE11,L11-1,ProdD,XSE001,s#U1-01,s#U2-03,SRCP-L11-I,SRCPSUB-L11-002,ZCOC,VW,XCD33,MRCP-L11-.004,MEAN,290
2020-12-13 11:40:32,A21XX999,A21XX999.07,0.11286884074843018,0.0,0.3,0.25,-0.25,-0.3,stageE11,L11-1,ProdB,ZSE003,s#U1-02,s#U2-02,SRCP-L11-I,SRCPSUB-L11-002,ZCOC,VW,XCD33,MRCP-L11-.003,MEAN,291
2020-12-13 20:04:54,A21YY803,A21YY803.20,0.14370128406264504,0.0,0.3,0.25,-0.25,-0.3,stageE11,L11-1,ProdD,XSE001,s#U1-01,s#U2-04,SRCP-L11-J,SRCPSUB-L11-002,ZCOC,VW,XCD33,MRCP-L11-.004,MEAN,292
2020-12-13 23:25:34,A21XX473,A21XX473.11,0.14144972311656723,0.0,0.3,0.25,-0.25,-0.3,stageE11,L11-3,ProdD,XSE005,s#U1-01,s#U2-04,SRCP-L11-J,SRCPSUB-L11-002,ZCOC,VW,XCD33,MRCP-L11-.004,MEAN,293
2020-12-14 16:40:35,A21WW213,A21WW213.07,-0.11148012441645741,0.0,0.3,0.25,-0.25,-0.3,stageE11,L11-1,ProdC,YSE003,s#U1-02,s#U2-02,SRCP-L11-J,SRCPSUB-L11-002,ZCOB,VW,XCD33,MRCP-L11-.005,MEAN,294
2020-12-14 23:19:02,A21XX442,A21XX442.10,-0.0661325001654443,0.0,0.3,0.25,-0.25,-0.3,stageE11,L11-2,ProdB,YSE003,s#U1-01,s#U2-02,SRCP-L11-I,SRCPSUB-L11-002,ZCOC,VW,XCD33,MRCP-L11-.004,MEAN,295
2020-12-16 06:41:38,A21ZZ250,A21ZZ250.08,-0.084578659896297,0.0,0.3,0.25,-0.25,-0.3,stageE11,L11-1,ProdA,XSE001,s#U1-01,s#U2-02,SRCP-L11-I,SRCPSUB-L11-002,YCOC,VW,XCD33,MRCP-L11-.005,MEAN,296
2020-12-16 20:16:34,A21ZZ764,A21ZZ764.11,-0.1627176510792045,0.0,0.3,0.25,-0.25,-0.3,stageE11,L11-3,ProdA,YSE005,s#U1-01,s#U2-04,SRCP-L11-I,SRCPSUB-L11-002,ZCOB,VW,XCD33,MRCP-L11-.003,MEAN,297
2020-12-17 07:42:12,A21ZZ284,A21ZZ284.19,-0.12541719895705825,0.0,0.3,0.25,-0.25,-0.3,stageE11,L11-1,ProdC,XSE003,s#U1-01,s#U2-03,SRCP-L11-I,SRCPSUB-L11-002,ZCOB,VW,XCD33,MRCP-L11-.005,MEAN,298
2020-12-17 23:35:27,A21WW416,A21WW416.19,0.02018967381149261,0.0,0.3,0.25,-0.25,-0.3,stageE11,L11-1,ProdC,ZSE005,s#U1-04,s#U2-03,SRCP-L11-J,SRCPSUB-L11-002,ZCOC,VW,XCD33,MRCP-L11-.005,MEAN,299
